-- phpMyAdmin SQL Dump
-- version 5.2.0
-- https://www.phpmyadmin.net/
--
-- Máy chủ: 127.0.0.1
-- Thời gian đã tạo: Th1 11, 2023 lúc 03:04 PM
-- Phiên bản máy phục vụ: 8.0.30
-- Phiên bản PHP: 7.4.29


--
-- Mật khẩu tất cả các tài khoản là: okchu@123
--
SET SQL_MODE = "NO_AUTO_VALUE_ON_ZERO";
START TRANSACTION;
SET time_zone = "+00:00";


/*!40101 SET @OLD_CHARACTER_SET_CLIENT=@@CHARACTER_SET_CLIENT */;
/*!40101 SET @OLD_CHARACTER_SET_RESULTS=@@CHARACTER_SET_RESULTS */;
/*!40101 SET @OLD_COLLATION_CONNECTION=@@COLLATION_CONNECTION */;
/*!40101 SET NAMES utf8mb4 */;

--
-- Cơ sở dữ liệu: `baodientu`
--

-- --------------------------------------------------------

--
-- Cấu trúc bảng cho bảng `baiviet`
--

CREATE TABLE `baiviet` (
  `id` bigint UNSIGNED NOT NULL,
  `tieu_de` varchar(255) COLLATE utf8mb4_unicode_ci NOT NULL,
  `gioi_thieu` varchar(110) CHARACTER SET utf8mb4 COLLATE utf8mb4_unicode_ci NOT NULL,
  `anh_gioi_thieu` varchar(255) COLLATE utf8mb4_unicode_ci NOT NULL,
  `noi_dung` longtext COLLATE utf8mb4_unicode_ci NOT NULL,
  `trang_thai` tinyint NOT NULL,
  `danhmuc_id` bigint UNSIGNED NOT NULL,
  `created_at` timestamp NULL DEFAULT NULL,
  `updated_at` timestamp NULL DEFAULT NULL
) ENGINE=InnoDB DEFAULT CHARSET=utf8mb4 COLLATE=utf8mb4_unicode_ci;

--
-- Đang đổ dữ liệu cho bảng `baiviet`
--

INSERT INTO `baiviet` (`id`, `tieu_de`, `gioi_thieu`, `anh_gioi_thieu`, `noi_dung`, `trang_thai`, `danhmuc_id`, `created_at`, `updated_at`) VALUES
(5, 'Những dự án \'khủng\' ngành công thương dính tai tiếng thua lỗ hiện ra sao?', 'Một vài dự án kinh doang khủng bắt đầu có lãi.', '4b-8144-721653.jpg', '<p style=\"margin: 1.6rem auto 0px;\"><span style=\"font-weight: bolder; margin: 1.6rem auto 0px;\">Tình hình các dự án</span></p><p style=\"margin: 1.6rem auto 0px;\">Đó là dấu hiệu khởi sắc được đề cập trong báo cáo của Ủy ban Quản lý vốn nhà nước tại doanh nghiệp (CMSC) - cơ quan thường trực của Ban Chỉ đạo xử lý các dự án, doanh nghiệp chậm tiến độ, kém hiệu quả ngành công thương sau 4 năm được chuyển về CMSC quản lý.</p><p style=\"margin: 1.6rem auto 0px;\">Theo ông Nguyễn Hoàng Anh - Chủ tịch CMSC, một trong những nhiệm vụ quan trọng không thể không nhắc là việc CMSC đã tiếp nhận, tham gia xử lý các dự án&nbsp;<a href=\"https://tienphong.vn/loi-ai-dieu-cho-dam-ninh-binh-sau-thanh-tra-sai-pham-cang-nhieu-post1104653.tpo\" style=\"color: rgb(165, 10, 2); transition: all 0.1s ease-in-out 0s;\">đầu tư nghìn tỷ thua lỗ</a>.</p><table class=\"picture\" align=\"center\" style=\"margin-top: 2.4rem; text-align: center; width: 659px; max-width: 659px;\"><tbody><tr><td class=\"pic\"><a class=\"photo\" href=\"https://photo-cms-tpo.zadn.vn/w1000/Uploaded/2022/yqjvcdhnw/2022_09_29/lamviec-383.jpg\" data-desc=\"Chủ tịch Nguyễn Hoàng Anh (ngồi giữa) chủ trì buổi làm việc trực tuyến về định hướng xử lý các vướng mắc, tồn tại của Dự án mở rộng giai đoạn 2 Nhà máy Gang thép Thái Nguyên (TISCO2).\" data-index=\"0\" style=\"color: rgb(165, 10, 2); transition: all 0.1s ease-in-out 0s;\"><img data-image-id=\"3328739\" src=\"https://photo-cms-tpo.zadn.vn/w645/Uploaded/2022/yqjvcdhnw/2022_09_29/lamviec-383.jpg\" data-width=\"1024\" data-height=\"700\" data-photo-original-src=\"\" cms-photo-caption=\"Chủ tịch Nguyễn Hoàng Anh (ngồi giữa) chủ trì buổi làm việc trực tuyến về định hướng xử lý các vướng mắc, tồn tại của Dự án mở rộng giai đoạn 2 Nhà máy Gang thép Thái Nguyên (TISCO2).\" class=\"cms-photo lazyloaded\" data-src=\"https://photo-cms-tpo.zadn.vn/w645/Uploaded/2022/yqjvcdhnw/2022_09_29/lamviec-383.jpg\" alt=\"Những dự án \'khủng\' ngành công thương dính tai tiếng thua lỗ hiện ra sao? ảnh 1\" style=\"max-width: 100%; width: auto;\"></a></td></tr><tr><td class=\"caption\" style=\"font-size: 1.5rem; color: rgb(108, 117, 125); padding-top: 0.8rem;\"><p style=\"margin-right: auto; margin-bottom: 0px; margin-left: auto;\">Chủ tịch Nguyễn Hoàng Anh (ngồi giữa) chủ trì buổi làm việc trực tuyến về định hướng xử lý các vướng mắc, tồn tại của Dự án mở rộng giai đoạn 2 Nhà máy Gang thép Thái Nguyên (TISCO2).</p></td></tr></tbody></table><p style=\"margin: 1.6rem auto 0px;\">Trong 5 dự án, doanh nghiệp được Bộ Chính trị đồng ý chủ trương giao Tập đoàn Công nghiệp Hóa chất Việt Nam (Vinachem) và Tập đoàn Dầu khí Việt Nam (PVN) sử dụng nguồn vốn hợp pháp của doanh nghiệp để chủ động, hoàn thiện và triển khai phương án xử lý. Đến nay, các dự án đã bước đầu có sự khởi sắc sau 4 năm CMSC đi vào hoạt động.</p><p style=\"margin: 1.6rem auto 0px;\">Cụ thể, Dự án Nhà máy sản xuất phân bón DAP1- Hải Phòng của Công ty cổ phần DAP - Vinachem từ năm 2017 đến nay, sản xuất ổn định, hàng năm có lãi và đã hết lỗ lũy kế từ tháng 1/2022.</p><p style=\"margin: 1.6rem auto 0px;\"><a href=\"https://tienphong.vn/nhung-dai-du-an-thua-lo-hoi-sinh-post1410372.tpo\" style=\"color: rgb(165, 10, 2); transition: all 0.1s ease-in-out 0s;\">Dự án sản xuất xơ sợi Polyester Đình Vũ</a>&nbsp;(thuộc PVN) cũng có nhiều chuyển biến tích cực trong hoạt động sản xuất, kinh doanh. Dự án đã duy trì vận hành sản xuất khai thác tối đa, hiệu quả 27 dây chuyền sợi DTY, doanh thu bù đắp được chi phí biến đổi và có lợi nhuận trước định phí…</p><p style=\"margin: 1.6rem auto 0px;\">Trong bối cảnh có nhiều biến động kinh tế thế giới và tác động tiêu cực bởi đại dịch COVID-19, cả 3 dự án, doanh nghiệp sản xuất phân bón đã duy trì được sản xuất, kinh doanh; nỗ lực làm chủ công nghệ, từng bước nâng công suất chạy máy bình quân so với công suất thiết kế. Mặc dù, đến ngày 30/6/2022, các dự án còn lỗ lũy kế 13.000 tỷ đồng, song từ năm 2021 đến nay, do thị trường thuận lợi (giá phân bón cao nhất trong vòng 10 năm trở lại đây), nên kết quả sản xuất, kinh doanh của 3 dự án, doanh nghiệp có cải thiện hơn. Năm 2021 các dự án giảm lỗ và 6 tháng đầu năm 2022 đã có lãi và trả được một phần nợ cho ngân hàng.</p><p style=\"margin: 1.6rem auto 0px;\">Đặc biệt, Dự án mở rộng sản xuất giai đoạn 2 - Công ty cổ phần Gang thép Thái Nguyên (dự án TISCO2), một trong những dự án được coi là khó xử lý nhất trong 12 dự án đến nay đã có nhiều bước tiến mới.</p><p style=\"margin: 1.6rem auto 0px;\">Thực hiện ý kiến chỉ đạo của Thủ tướng, CMSC đã có nhiều văn bản chỉ đạo Tổng công ty Đầu tư và Kinh doanh vốn nhà nước (SCIC) các vấn đề về phương án xử lý dự án TISCO2 và văn bản báo cáo Ban cán sự Đảng Chính phủ về dự án TISCO2, trong đó có việc xây dựng phương án xử lý và khôi phục dự án TISCO2.</p><table class=\"picture\" align=\"center\" style=\"margin-top: 2.4rem; text-align: center; width: 659px; max-width: 659px;\"><tbody><tr><td class=\"pic\"><a class=\"photo\" href=\"https://photo-cms-tpo.zadn.vn/w1000/Uploaded/2022/vpcycgvp/2022_09_29/4b-8144-7216.jpg\" data-desc=\"Dự án sản xuất xơ sợi Polyester Đình Vũ thuộc PVN đã có lợi nhuận trước định phí.\" data-index=\"1\" style=\"color: rgb(165, 10, 2); transition: all 0.1s ease-in-out 0s;\"><img data-image-id=\"3328803\" src=\"https://photo-cms-tpo.zadn.vn/w645/Uploaded/2022/vpcycgvp/2022_09_29/4b-8144-7216.jpg\" data-width=\"890\" data-height=\"597\" data-photo-original-src=\"\" cms-photo-caption=\"Dự án sản xuất xơ sợi Polyester Đình Vũ thuộc PVN đã có lợi nhuận trước định phí.\" class=\"cms-photo lazyloaded\" data-src=\"https://photo-cms-tpo.zadn.vn/w645/Uploaded/2022/vpcycgvp/2022_09_29/4b-8144-7216.jpg\" alt=\"Những dự án \'khủng\' ngành công thương dính tai tiếng thua lỗ hiện ra sao? ảnh 2\" style=\"max-width: 100%; width: auto;\"></a></td></tr><tr><td class=\"caption\" style=\"font-size: 1.5rem; color: rgb(108, 117, 125); padding-top: 0.8rem;\"><p style=\"margin-right: auto; margin-bottom: 0px; margin-left: auto;\">Dự án sản xuất xơ sợi Polyester Đình Vũ thuộc PVN đã có lợi nhuận trước định phí.</p></td></tr></tbody></table><p style=\"margin: 1.6rem auto 0px;\">Theo ông Nguyễn Hoàng Anh, với nhận thức việc giải quyết dứt điểm các tranh chấp/vướng mắc tại hợp đồng EPC là cơ sở quan trọng để có thể xây dựng phương án&nbsp;<a href=\"https://tienphong.vn/thu-tuong-xot-ruot-truoc-su-gi-set-bo-hoang-cua-du-an-gang-thep-thai-nguyen-post1457863.tpo\" style=\"color: rgb(165, 10, 2); transition: all 0.1s ease-in-out 0s;\">khôi phục nhà máy Gang thép Thái Nguyên</a>, CMSC đã quyết liệt chỉ đạo Tổng Công ty thép Việt Nam, TISCO và trực tiếp tham gia đàm phán với Công ty Hữu hạn Tập đoàn Khoa học công nghiệp luyện kim Trung Quốc (MCC) để thảo luận các phương án.</p><p style=\"margin: 1.6rem auto 0px;\">CMSC đang chỉ đạo các doanh nghiệp hoàn tất các thủ tục nội bộ của phía Việt Nam, đồng thời CMSC đã làm việc trực tiếp với Đại sứ Trung Quốc tại Việt Nam và có công hàm đề nghị Đại sứ quán Trung Quốc tại Việt Nam báo cáo cấp có thẩm quyền phía Trung Quốc, hỗ trợ điều phối với các cơ quan chức năng của Trung Quốc trong việc tạo điều kiện cho MCC tổ chức đoàn sang Việt Nam.</p><p style=\"margin: 1.6rem auto 0px;\">“Có thể nói, việc một số dự án, doanh nghiệp đi vào hoạt động ổn định hơn trước, kinh doanh có lãi,&nbsp;<a href=\"https://tienphong.vn/gang-thep-thai-nguyen-vuong-mac-nhat-o-hop-dong-epc-post1112415.tpo\" style=\"color: rgb(165, 10, 2); transition: all 0.1s ease-in-out 0s;\">giảm lỗ lũy kế</a>&nbsp;và một số dự án, doanh nghiệp vận hành trở lại sau thời gian dừng sản xuất đã đóng góp cho ngân sách nhà nước, giảm dư nợ trung hạn và dài hạn của các dự án, doanh nghiệp, bảo đảm duy trì việc làm, đời sống cho hàng nghìn lao động, góp phần ổn định chính trị - xã hội tại địa phương”, Chủ tịch CMSC cho hay.</p><p style=\"margin: 1.6rem auto 0px;\"><span style=\"font-weight: bolder; margin: 1.6rem auto 0px;\">Quyết tâm \"đổi màu\" hiệu quả doanh nghiệp nhà nước</span></p><p style=\"margin: 1.6rem auto 0px;\">Theo ông Hoàng Anh, sau 4 năm chuyển về CMSC, 19 tập đoàn, tổng công ty cơ bản hoạt động sản xuất, kinh doanh và đầu tư phát triển duy trì liên tục, ổn định. Trong bối cảnh chịu ảnh hưởng tiêu cực của dịch COVID-19 và tình hình bất ổn trên thế giới thời gian gần đây làm cho một số ít doanh nghiệp giảm lợi nhuận hoặc phát sinh lỗ (Tổng Công ty Hàng không Việt Nam, Tổng công ty Đường sắt Việt Nam) nhưng tổng thể vốn nhà nước tại 19 tập đoàn, tổng công ty vẫn bảo toàn, phát triển.</p><p style=\"margin: 1.6rem auto 0px;\">Cũng theo ông Nguyễn Hoàng Anh, việc thành lập CMSC đã hiện thực hóa chủ trương của Đảng về tách bạch giữa những chức năng quản lý nhà nước và chức năng đại diện chức năng chủ sở hữu vốn nhà nước tại doanh nghiệp đối với một số bộ.</p><p style=\"margin: 1.6rem auto 0px;\">Số liệu của CMSC cho biết, giai đoạn 2018- 2021, với công ty mẹ - 19 tập đoàn, tổng công ty có tổng doanh thu đạt hơn 3,3 triệu tỷ đồng (trung bình đạt gần 840.000 tỷ đồng/năm), tổng lợi nhuận trước thuế đạt hơn 200.000 tỷ đồng (trung bình đạt hơn 50.000 tỷ đồng/năm). Thuế và các khoản phát sinh nộp ngân sách đạt gần 280.000 tỷ đồng (trung bình gần 70.000 tỷ đồng/năm).</p>', 0, 5, '2022-09-27 05:22:53', '2022-09-29 14:13:25'),
(6, 'Tổng Bí thư Nguyễn Phú Trọng tiếp Thủ tướng Cuba Manuel Marrero Cruz', 'Tổng Bí thư Nguyễn Phú Trọng tiếp Thủ tướng Cuba Manuel Marrero Cruz', '1-374238.jpg', 'Tổng Bí thư Nguyễn Phú Trọng tiếp Thủ tướng Cuba Manuel Marrero Cruz<div class=\"article__sapo cms-desc\" style=\"font-size: 1.8rem; font-weight: 600; margin: 2.4rem auto 1.2rem; text-align: center; width: 960px; color: rgb(52, 58, 64); font-family: arial, -apple-system, BlinkMacSystemFont, \" segoe=\"\" ui\",=\"\" roboto,=\"\" \"helvetica=\"\" neue\",=\"\" arial,=\"\" sans-serif,=\"\" \"apple=\"\" color=\"\" emoji\",=\"\" \"segoe=\"\" ui=\"\" symbol\",=\"\" \"noto=\"\" emoji\";\"=\"\">Chiều 29/9, tại Trụ sở Trung ương Đảng, Tổng Bí thư Nguyễn Phú Trọng tiếp Thủ tướng Cuba Manuel Marrero Cruz đang thăm hữu nghị chính thức Việt Nam.</div><div class=\"article__body cms-body\" itemprop=\"articleBody\" style=\"font-size: 18px; line-height: 1.5; color: rgb(52, 58, 64); font-family: arial, -apple-system, BlinkMacSystemFont, \" segoe=\"\" ui\",=\"\" roboto,=\"\" \"helvetica=\"\" neue\",=\"\" arial,=\"\" sans-serif,=\"\" \"apple=\"\" color=\"\" emoji\",=\"\" \"segoe=\"\" ui=\"\" symbol\",=\"\" \"noto=\"\" emoji\";\"=\"\"><table class=\"picture max-width\" style=\"margin: 24px auto 0px; text-align: center; width: 1200px; max-width: 1200px;\"><tbody><tr><td class=\"pic\"><a class=\"photo\" href=\"https://photo-cms-tpo.zadn.vn/w1966/Uploaded/2022/bpivpvoi/2022_09_29/1-3742.jpg\" data-desc=\"Tổng Bí thư Nguyễn Phú Trọng tiếp Thủ tướng Cuba Manuel Marrero Cruz đang thăm hữu nghị chính thức Việt Nam. (Ảnh: Trí Dũng/TTXVN)\" data-index=\"0\" style=\"color: rgb(165, 10, 2); transition: all 0.1s ease-in-out 0s;\"><img data-image-id=\"3329444\" src=\"https://photo-cms-tpo.zadn.vn/w1966/Uploaded/2022/bpivpvoi/2022_09_29/1-3742.jpg\" data-width=\"870\" data-height=\"696\" data-photo-original-src=\"\" cms-photo-caption=\"Tổng Bí thư Nguyễn Phú Trọng tiếp Thủ tướng Cuba Manuel Marrero Cruz đang thăm hữu nghị chính thức Việt Nam. (Ảnh: Trí Dũng/TTXVN)\" class=\"cms-photo lazyloaded\" data-src=\"https://photo-cms-tpo.zadn.vn/w1966/Uploaded/2022/bpivpvoi/2022_09_29/1-3742.jpg\" alt=\"Tổng Bí thư Nguyễn Phú Trọng tiếp Thủ tướng Cuba Manuel Marrero Cruz ảnh 1\" style=\"max-width: 100%; width: auto; display: block; margin-left: auto; margin-right: auto;\"></a></td></tr><tr><td class=\"caption\" style=\"font-size: 1.5rem; color: rgb(108, 117, 125); padding-top: 0.8rem;\">Tổng Bí thư Nguyễn Phú Trọng tiếp Thủ tướng Cuba Manuel Marrero Cruz đang thăm hữu nghị chính thức Việt Nam. (Ảnh: Trí Dũng/TTXVN)</td></tr></tbody></table><table class=\"picture max-width\" style=\"margin: 24px auto 0px; text-align: center; width: 1200px; max-width: 1200px;\"><tbody><tr><td class=\"pic\"><a class=\"photo\" href=\"https://photo-cms-tpo.zadn.vn/w1966/Uploaded/2022/bpivpvoi/2022_09_29/2-3471.jpg\" data-desc=\"Tổng Bí thư Nguyễn Phú Trọng tiếp Thủ tướng Cuba Manuel Marrero Cruz. (Ảnh: Trí Dũng/TTXVN)\" data-index=\"1\" style=\"color: rgb(165, 10, 2); transition: all 0.1s ease-in-out 0s;\"><img data-image-id=\"3329445\" src=\"https://photo-cms-tpo.zadn.vn/w1966/Uploaded/2022/bpivpvoi/2022_09_29/2-3471.jpg\" data-width=\"870\" data-height=\"680\" data-photo-original-src=\"\" cms-photo-caption=\"Tổng Bí thư Nguyễn Phú Trọng tiếp Thủ tướng Cuba Manuel Marrero Cruz. (Ảnh: Trí Dũng/TTXVN)\" class=\"cms-photo lazyloaded\" data-src=\"https://photo-cms-tpo.zadn.vn/w1966/Uploaded/2022/bpivpvoi/2022_09_29/2-3471.jpg\" alt=\"Tổng Bí thư Nguyễn Phú Trọng tiếp Thủ tướng Cuba Manuel Marrero Cruz ảnh 2\" style=\"max-width: 100%; width: auto; display: block; margin-left: auto; margin-right: auto;\"></a></td></tr><tr><td class=\"caption\" style=\"font-size: 1.5rem; color: rgb(108, 117, 125); padding-top: 0.8rem;\">Tổng Bí thư Nguyễn Phú Trọng tiếp Thủ tướng Cuba Manuel Marrero Cruz. (Ảnh: Trí Dũng/TTXVN)</td></tr></tbody></table><table class=\"picture max-width\" style=\"margin: 24px auto 0px; text-align: center; width: 1200px; max-width: 1200px;\"><tbody><tr><td class=\"pic\"><a class=\"photo\" href=\"https://photo-cms-tpo.zadn.vn/w1966/Uploaded/2022/bpivpvoi/2022_09_29/3-2865.jpg\" data-desc=\"Tổng Bí thư Nguyễn Phú Trọng và Thủ tướng Cuba Manuel Marrero Cruz. (Ảnh: Trí Dũng/TTXVN)\" data-index=\"2\" style=\"color: rgb(165, 10, 2); transition: all 0.1s ease-in-out 0s;\"><img data-image-id=\"3329446\" src=\"https://photo-cms-tpo.zadn.vn/w1966/Uploaded/2022/bpivpvoi/2022_09_29/3-2865.jpg\" data-width=\"870\" data-height=\"680\" data-photo-original-src=\"\" cms-photo-caption=\"Tổng Bí thư Nguyễn Phú Trọng và Thủ tướng Cuba Manuel Marrero Cruz. (Ảnh: Trí Dũng/TTXVN)\" class=\"cms-photo lazyloaded\" data-src=\"https://photo-cms-tpo.zadn.vn/w1966/Uploaded/2022/bpivpvoi/2022_09_29/3-2865.jpg\" alt=\"Tổng Bí thư Nguyễn Phú Trọng tiếp Thủ tướng Cuba Manuel Marrero Cruz ảnh 3\" style=\"max-width: 100%; width: auto; display: block; margin-left: auto; margin-right: auto;\"></a></td></tr><tr><td class=\"caption\" style=\"font-size: 1.5rem; color: rgb(108, 117, 125); padding-top: 0.8rem;\">Tổng Bí thư Nguyễn Phú Trọng và Thủ tướng Cuba Manuel Marrero Cruz. (Ảnh: Trí Dũng/TTXVN)</td></tr></tbody></table><table class=\"picture max-width\" style=\"margin: 24px auto 0px; text-align: center; width: 1200px; max-width: 1200px;\"><tbody><tr><td class=\"pic\"><a class=\"photo\" href=\"https://photo-cms-tpo.zadn.vn/w1966/Uploaded/2022/bpivpvoi/2022_09_29/4-745.jpg\" data-desc=\"Tổng Bí thư Nguyễn Phú Trọng trao đổi với Thủ tướng Cuba Manuel Marrero Cruz tại buổi tiếp. (Ảnh: Trí Dũng/TTXVN)\" data-index=\"3\" style=\"color: rgb(165, 10, 2); transition: all 0.1s ease-in-out 0s;\"><img data-image-id=\"3329447\" src=\"https://photo-cms-tpo.zadn.vn/w1966/Uploaded/2022/bpivpvoi/2022_09_29/4-745.jpg\" data-width=\"870\" data-height=\"706\" data-photo-original-src=\"\" cms-photo-caption=\"Tổng Bí thư Nguyễn Phú Trọng trao đổi với Thủ tướng Cuba Manuel Marrero Cruz tại buổi tiếp. (Ảnh: Trí Dũng/TTXVN)\" class=\"cms-photo lazyloaded\" data-src=\"https://photo-cms-tpo.zadn.vn/w1966/Uploaded/2022/bpivpvoi/2022_09_29/4-745.jpg\" alt=\"Tổng Bí thư Nguyễn Phú Trọng tiếp Thủ tướng Cuba Manuel Marrero Cruz ảnh 4\" style=\"max-width: 100%; width: auto; display: block; margin-left: auto; margin-right: auto;\"></a></td></tr><tr><td class=\"caption\" style=\"font-size: 1.5rem; color: rgb(108, 117, 125); padding-top: 0.8rem;\">Tổng Bí thư Nguyễn Phú Trọng trao đổi với Thủ tướng Cuba Manuel Marrero Cruz tại buổi tiếp. (Ảnh: Trí Dũng/TTXVN)</td></tr></tbody></table></div>', 0, 6, '2022-09-29 10:56:42', '2022-09-29 14:12:44'),
(7, 'Kỷ luật Phó Giám đốc Sở Y tế tỉnh Bạc Liêu liên quan Việt Á', 'Phó Bí thư Đảng ủy, Phó Giám đốc Sở Y tế tỉnh Bạc Liêu, bị kỷ luật.', '11b-2949-230199.jpeg', 'TPO - Ông Trần Hoài Đảo - Phó Bí thư Đảng ủy, Phó Giám đốc Sở Y tế tỉnh Bạc Liêu, bị kỷ luật liên quan đến mua kit test, sinh phẩm liên quan đến Công ty Việt Á.<div class=\"article__body cms-body\" itemprop=\"articleBody\" style=\"font-size: 18px; line-height: 1.5; color: rgb(52, 58, 64); font-family: arial, -apple-system, BlinkMacSystemFont, \" segoe=\"\" ui\",=\"\" roboto,=\"\" \"helvetica=\"\" neue\",=\"\" arial,=\"\" sans-serif,=\"\" \"apple=\"\" color=\"\" emoji\",=\"\" \"segoe=\"\" ui=\"\" symbol\",=\"\" \"noto=\"\" emoji\";\"=\"\"><p style=\"margin: 1.6rem auto 0px; text-align: justify;\">Ngày 29/9, tin từ Ủy Ban kiểm tra (UBKT) Tỉnh ủy Bạc Liêu cho biết, vừa triển khai quyết định thi hành kỷ luật Đảng bằng&nbsp;<a href=\"https://tienphong.vn/post-1444008.tpo\" title=\"Bạc Liêu khởi tố vụ án vi phạm quy định đấu thầu liên quan Công ty Việt Á\" style=\"color: rgb(165, 10, 2); transition: all 0.1s ease-in-out 0s;\">hình thức khiển trách</a>&nbsp;đối với ông Trần Hoài Đảo - Phó Bí thư Đảng ủy, Phó Giám đốc Sở Y tế tỉnh Bạc Liêu.</p><p style=\"margin: 1.6rem auto 0px; text-align: justify;\">UBKT Tỉnh ủy Bạc Liêu kết luận: Với vai trò là Phó Giám đốc Sở Y tế, Chủ tịch Hội đồng thẩm định kế hoạch lựa chọn nhà thầu mua sắm phương tiện, trang thiết bị, hóa chất, vật tư, sinh phẩm phục vụ phòng, chống dịch COVID-19, ông Trần Hoài Đảo còn chủ quan, thiếu kiểm tra, giám sát chặt chẽ để Trung tâm Kiểm soát bệnh tật tỉnh Bạc Liêu (CDC Bạc Liêu) thực hiện 3 gói thầu mua sắm sinh phẩm xét nghiệm COVID -19 của Công ty Cổ phần Việt Á gây thất thoát và chưa tiết kiệm ngân sách nhà nước.</p><p style=\"margin: 1.6rem auto 0px; text-align: justify;\">Liên quan đến vụ việc này, trước đó, Đảng ủy Khối các cơ quan tỉnh Bạc Liêu cũng đã triển khai các quyết định thi hành kỷ luật Đảng bằng hình thức&nbsp;<a href=\"https://tienphong.vn/post-1472133.tpo\" title=\"Kỷ luật Giám đốc CDC Bạc Liêu và 2 thuộc cấp liên quan vụ Việt Á\" style=\"color: rgb(165, 10, 2); transition: all 0.1s ease-in-out 0s;\">cảnh cáo đối với ông Trần Vĩnh An - Giám đốc Trung tâm CDC Bạc Liêu.</a></p><p style=\"margin: 1.6rem auto 0px; text-align: justify;\">Cùng hình thức kỷ luật trên còn có ông Phạm Thanh Hồng - Trưởng khoa Xét nghiệm và ông Trương Thái Hưng - Trưởng phòng Tài chính-Kế hoạch, thuộc CDC Bạc Liêu.</p><p style=\"margin: 1.6rem auto 0px; text-align: justify;\">Trước đó, theo kết luận của Thanh tra tỉnh Bạc Liêu, CDC Bạc Liêu đã mua sắm 44 gói thầu với tổng giá trị hơn 126 tỉ đồng. Qua kiểm tra phát hiện có đến 35 gói thầu mua sắm trang thiết bị y tế từ nguồn kinh phí phòng, chống dịch COVID-19 có nhiều sai phạm. Đặc biệt, 3 gói thầu mua sinh phẩm, hóa chất, vật tư y của Công ty Việt Á với tổng giá trị hơn 23,7 tỉ đồng có nhiều sai phạm nghiêm trọng.</p><p style=\"margin: 1.6rem auto 0px; text-align: justify;\">Thanh tra tỉnh kết luận 3 gói thầu mua sinh phẩm kit test của Công ty Việt Á, công tác lập, trình dự toán và kế hoạch lựa chọn nhà thầu có dấu hiệu thiếu minh bạch; vi phạm các quy định trong khâu lập kế hoạch và thực hiện hợp đồng. Đặc biệt gây thiệt hại, lãng phí ngân sách Nhà nước gần 9 tỷ đồng.</p><p style=\"margin: 1.6rem auto 0px; text-align: justify;\">Theo kết luận thanh tra, vi phạm trên thuộc trách nhiệm của Giám đốc CDC Bạc Liêu trong công tác lãnh đạo, chỉ đạo thiếu kiểm tra giám sát, vi phạm các quy định trong mua sắm, gây thiệt hại đến tài sản Nhà nước. Khoa Xét nghiệm và Phòng Tài chính - Kế hoạch chưa làm tốt vai trò tham mưu, đề xuất dẫn đến xảy ra các vi phạm.</p><p style=\"margin: 1.6rem auto 0px; text-align: justify;\">Ngày 6/6, Công an tỉnh Bạc Liêu đã khởi tố vụ án&nbsp;<a href=\"https://tienphong.vn/post-1444008.tpo\" title=\"Bạc Liêu khởi tố vụ án vi phạm quy định đấu thầu liên quan Công ty Việt Á\" style=\"color: rgb(165, 10, 2); transition: all 0.1s ease-in-out 0s;\">“Vi phạm quy định đấu thầu gây hậu quả nghiêm trọng” xảy ra tại CDC Bạc Liêu.</a></p></div>', 0, 6, '2022-09-29 13:21:04', '2022-09-29 14:12:23'),
(8, 'Sức hút thế giới cà phê Trung Nguyên Legend đầu tiên tại Thượng Hải, Trung Quốc', 'Cà Phê Trung Nguyên Legend quốc tế đầu tiên tại Thượng Hải vừa khai trương đã nhanh chóng tạo tiếng vang', 'hinh-1-hinh-chu-755810.jpg', 'Không gian Thế Giới Cà Phê Trung Nguyên Legend quốc tế đầu tiên tại Thượng Hải vừa khai trương đã nhanh chóng tạo tiếng vang và thu hút đông đảo người yêu cà phê tới trải nghiệm.<div class=\"article__body cms-body\" itemprop=\"articleBody\" style=\"font-size: 18px; line-height: 1.5; color: rgb(52, 58, 64); font-family: arial, -apple-system, BlinkMacSystemFont, \" segoe=\"\" ui\",=\"\" roboto,=\"\" \"helvetica=\"\" neue\",=\"\" arial,=\"\" sans-serif,=\"\" \"apple=\"\" color=\"\" emoji\",=\"\" \"segoe=\"\" ui=\"\" symbol\",=\"\" \"noto=\"\" emoji\";\"=\"\"><table class=\"picture\" align=\"center\" style=\"margin-top: 2.4rem; text-align: center; width: 659px; max-width: 659px;\"><tbody><tr><td class=\"pic\"><a class=\"photo\" href=\"https://photo-cms-tpo.zadn.vn/w1000/Uploaded/2022/pcgycivo/2022_09_22/hinh-1-hinh-chu-7558.jpg\" data-desc=\"Sức hút thế giới cà phê Trung Nguyên Legend đầu tiên tại Thượng Hải, Trung Quốc\" data-index=\"0\" style=\"color: rgb(165, 10, 2); transition: all 0.1s ease-in-out 0s;\"><img data-image-id=\"3320204\" src=\"https://photo-cms-tpo.zadn.vn/w645/Uploaded/2022/pcgycivo/2022_09_22/hinh-1-hinh-chu-7558.jpg\" data-width=\"2959\" data-height=\"1663\" data-photo-original-src=\"\" cms-photo-caption=\"\" class=\"cms-photo lazyloaded\" data-src=\"https://photo-cms-tpo.zadn.vn/w645/Uploaded/2022/pcgycivo/2022_09_22/hinh-1-hinh-chu-7558.jpg\" alt=\"Sức hút thế giới cà phê Trung Nguyên Legend đầu tiên tại Thượng Hải, Trung Quốc ảnh 1\" style=\"max-width: 100%; width: auto;\"></a></td></tr></tbody></table><p style=\"margin: 1.6rem auto 0px;\">Vừa ra mắt vào sáng ngày 21/9 tại 699 Nanjing, Thượng Hải, không gian Thế giới cà phê Trung Nguyên Legend gây sốt khắp giới truyền thông, mạng xã hội, đặc biệt lan truyền nhanh chóng trong giới trẻ và làm nức lòng người Việt ở Trung Quốc.</p><p style=\"margin: 1.6rem auto 0px;\">Sức hút của không gian này không chỉ ở sự độc đáo về phong cách thưởng lãm cà phê đặc biệt, khác biệt, duy nhất do Trung Nguyên Legend nghiên cứu, sáng tạo và cô lọc từ lịch sử, văn minh cà phê thế giới mà còn bởi những trải nghiệm văn hóa đặc sắc của Việt Nam ngay giữa trung tâm Thượng Hải sầm uất, năng động.</p><table class=\"picture\" align=\"center\" style=\"margin-top: 2.4rem; text-align: center; width: 659px; max-width: 659px;\"><tbody><tr><td class=\"pic\"><a class=\"photo\" href=\"https://photo-cms-tpo.zadn.vn/w1000/Uploaded/2022/pcgycivo/2022_09_22/hinh-2-9955.jpg\" data-desc=\"Sức hút thế giới cà phê Trung Nguyên Legend đầu tiên tại Thượng Hải, Trung Quốc\" data-index=\"1\" style=\"color: rgb(165, 10, 2); transition: all 0.1s ease-in-out 0s;\"><img data-image-id=\"3320205\" src=\"https://photo-cms-tpo.zadn.vn/w645/Uploaded/2022/pcgycivo/2022_09_22/hinh-2-9955.jpg\" data-width=\"1200\" data-height=\"800\" data-photo-original-src=\"\" cms-photo-caption=\"\" class=\"cms-photo lazyloaded\" data-src=\"https://photo-cms-tpo.zadn.vn/w645/Uploaded/2022/pcgycivo/2022_09_22/hinh-2-9955.jpg\" alt=\"Sức hút thế giới cà phê Trung Nguyên Legend đầu tiên tại Thượng Hải, Trung Quốc ảnh 2\" style=\"max-width: 100%; width: auto;\"></a></td></tr></tbody></table><p style=\"margin: 1.6rem auto 0px;\">Không gian Thế giới cà phê Trung Nguyên Legend hiện diện ngay tại trung tâm thương mại sầm uất Taikoo Hui, trên đường Nanjing (Tây Nam Kinh). Đây được xem là nơi tập trung của giới tri thức, thượng lưu, khách quốc tế khi tới Thượng Hải.</p><table class=\"picture\" align=\"center\" style=\"margin-top: 2.4rem; text-align: center; width: 659px; max-width: 659px;\"><tbody><tr><td class=\"pic\"><a class=\"photo\" href=\"https://photo-cms-tpo.zadn.vn/w1000/Uploaded/2022/pcgycivo/2022_09_22/hinh-3-3391.jpg\" data-desc=\"Sức hút thế giới cà phê Trung Nguyên Legend đầu tiên tại Thượng Hải, Trung Quốc\" data-index=\"2\" style=\"color: rgb(165, 10, 2); transition: all 0.1s ease-in-out 0s;\"><img data-image-id=\"3320206\" src=\"https://photo-cms-tpo.zadn.vn/w645/Uploaded/2022/pcgycivo/2022_09_22/hinh-3-3391.jpg\" data-width=\"3000\" data-height=\"2000\" data-photo-original-src=\"\" cms-photo-caption=\"\" class=\"cms-photo lazyloaded\" data-src=\"https://photo-cms-tpo.zadn.vn/w645/Uploaded/2022/pcgycivo/2022_09_22/hinh-3-3391.jpg\" alt=\"Sức hút thế giới cà phê Trung Nguyên Legend đầu tiên tại Thượng Hải, Trung Quốc ảnh 3\" style=\"max-width: 100%; width: auto;\"></a></td></tr></tbody></table><p style=\"margin: 1.6rem auto 0px;\">Lần đầu tiên, tất cả hệ sản phẩm cà phê năng lượng tuyệt ngon của Trung Nguyên Legend được tạo tác từ những hạt cà phê Robusta ngon nhất thế giới từ Buôn Ma Thuột, Việt Nam được hội tụ tại Thế giới cà phê Trung Nguyên Legend (699 Nanjing, Thượng Hải).</p><table class=\"picture\" align=\"center\" style=\"margin-top: 2.4rem; text-align: center; width: 659px; max-width: 659px;\"><tbody><tr><td class=\"pic\"><a class=\"photo\" href=\"https://photo-cms-tpo.zadn.vn/w1000/Uploaded/2022/pcgycivo/2022_09_22/hinh-4-3405.jpg\" data-desc=\"Sức hút thế giới cà phê Trung Nguyên Legend đầu tiên tại Thượng Hải, Trung Quốc\" data-index=\"3\" style=\"color: rgb(165, 10, 2); transition: all 0.1s ease-in-out 0s;\"><img data-image-id=\"3320207\" src=\"https://photo-cms-tpo.zadn.vn/w645/Uploaded/2022/pcgycivo/2022_09_22/hinh-4-3405.jpg\" data-width=\"1200\" data-height=\"1546\" data-photo-original-src=\"\" cms-photo-caption=\"\" class=\"cms-photo lazyloaded\" data-src=\"https://photo-cms-tpo.zadn.vn/w645/Uploaded/2022/pcgycivo/2022_09_22/hinh-4-3405.jpg\" alt=\"Sức hút thế giới cà phê Trung Nguyên Legend đầu tiên tại Thượng Hải, Trung Quốc ảnh 4\" style=\"max-width: 100%; width: auto;\"></a></td></tr></tbody></table><p style=\"margin: 1.6rem auto 0px;\">Đặc biệt, những ly cà phê năng lượng tuyệt hảo sáng tạo từ di sản văn hóa cà phê Việt Nam như Cà phê phin truyền thống Việt Nam, Cà phê sữa đá Việt Nam nổi tiếng toàn cầu, Cà phê trứng Việt Nam,… được giới trẻ Trung Quốc thích thú khám phá và lựa chọn trải nghiệm.</p><table class=\"picture\" align=\"center\" style=\"margin-top: 2.4rem; text-align: center; width: 659px; max-width: 659px;\"><tbody><tr><td class=\"pic\"><a class=\"photo\" href=\"https://photo-cms-tpo.zadn.vn/w1000/Uploaded/2022/pcgycivo/2022_09_22/hinh-5-1338.jpg\" data-desc=\"Sức hút thế giới cà phê Trung Nguyên Legend đầu tiên tại Thượng Hải, Trung Quốc\" data-index=\"4\" style=\"color: rgb(165, 10, 2); transition: all 0.1s ease-in-out 0s;\"><img data-image-id=\"3320208\" src=\"https://photo-cms-tpo.zadn.vn/w645/Uploaded/2022/pcgycivo/2022_09_22/hinh-5-1338.jpg\" data-width=\"1200\" data-height=\"800\" data-photo-original-src=\"\" cms-photo-caption=\"\" class=\"cms-photo lazyloaded\" data-src=\"https://photo-cms-tpo.zadn.vn/w645/Uploaded/2022/pcgycivo/2022_09_22/hinh-5-1338.jpg\" alt=\"Sức hút thế giới cà phê Trung Nguyên Legend đầu tiên tại Thượng Hải, Trung Quốc ảnh 5\" style=\"max-width: 100%; width: auto;\"></a></td></tr></tbody></table><p style=\"margin: 1.6rem auto 0px;\">Thế giới cà phê Trung Nguyên Legend tại 699 Nanjing, Thượng Hải còn là nơi những tín đồ yêu cà phê có thể tìm hiểu các trào lưu và loại hình cà phê đã được UNESCO coi là di sản phi vật thể của nhân loại như Cà phê Thổ Nhĩ Kỳ, các món cà phê được ưa chuộng nhất thế giới như Sparkling Coffee, Western Cold Brew Coffee,…</p><table class=\"picture\" align=\"center\" style=\"margin-top: 2.4rem; text-align: center; width: 659px; max-width: 659px;\"><tbody><tr><td class=\"pic\"><a class=\"photo\" href=\"https://photo-cms-tpo.zadn.vn/w1000/Uploaded/2022/pcgycivo/2022_09_22/hinh-6-5183.jpg\" data-desc=\"Sức hút thế giới cà phê Trung Nguyên Legend đầu tiên tại Thượng Hải, Trung Quốc\" data-index=\"5\" style=\"color: rgb(165, 10, 2); transition: all 0.1s ease-in-out 0s;\"><img data-image-id=\"3320209\" src=\"https://photo-cms-tpo.zadn.vn/w645/Uploaded/2022/pcgycivo/2022_09_22/hinh-6-5183.jpg\" data-width=\"2964\" data-height=\"1828\" data-photo-original-src=\"\" cms-photo-caption=\"\" class=\"cms-photo lazyloaded\" data-src=\"https://photo-cms-tpo.zadn.vn/w645/Uploaded/2022/pcgycivo/2022_09_22/hinh-6-5183.jpg\" alt=\"Sức hút thế giới cà phê Trung Nguyên Legend đầu tiên tại Thượng Hải, Trung Quốc ảnh 6\" style=\"max-width: 100%; width: auto;\"></a></td></tr></tbody></table><p style=\"margin: 1.6rem auto 0px;\">Những phiên thử nếm 3 văn minh cà phê Ottoman – Roman – Thiền do các chuyên gia barista hàng đầu được đào luyện hàng nghìn giờ duy nhất chỉ có ở Thế giới cà phê Trung Nguyên Legend mang đến những trải nghiệm cà phê đặc sắc.</p><table class=\"picture\" align=\"center\" style=\"margin-top: 2.4rem; text-align: center; width: 659px; max-width: 659px;\"><tbody><tr><td class=\"pic\"><a class=\"photo\" href=\"https://photo-cms-tpo.zadn.vn/w1000/Uploaded/2022/pcgycivo/2022_09_22/hinh-7-1911.jpg\" data-desc=\"Sức hút thế giới cà phê Trung Nguyên Legend đầu tiên tại Thượng Hải, Trung Quốc\" data-index=\"6\" style=\"color: rgb(165, 10, 2); transition: all 0.1s ease-in-out 0s;\"><img data-image-id=\"3320210\" src=\"https://photo-cms-tpo.zadn.vn/w645/Uploaded/2022/pcgycivo/2022_09_22/hinh-7-1911.jpg\" data-width=\"2919\" data-height=\"1946\" data-photo-original-src=\"\" cms-photo-caption=\"\" class=\"cms-photo lazyloaded\" data-src=\"https://photo-cms-tpo.zadn.vn/w645/Uploaded/2022/pcgycivo/2022_09_22/hinh-7-1911.jpg\" alt=\"Sức hút thế giới cà phê Trung Nguyên Legend đầu tiên tại Thượng Hải, Trung Quốc ảnh 7\" style=\"max-width: 100%; width: auto;\"></a></td></tr></tbody></table><p style=\"margin: 1.6rem auto 0px;\">Thiền cà phê – một sản phẩm cà phê văn hóa, cà phê nghệ thuật do Trung Nguyên Legend sáng tạo nên giúp người yêu cà phê được hòa mình trong không gian tĩnh lặng, nhẹ nhàng với triết lý Thiền cà phê độc đáo là một điểm nhấn đặc biệt tại Thế giới cà phê Trung Nguyên Legend tại 699 Nanjing, Thượng Hải.</p><table class=\"picture\" align=\"center\" style=\"margin-top: 2.4rem; text-align: center; width: 659px; max-width: 659px;\"><tbody><tr><td class=\"pic\"><a class=\"photo\" href=\"https://photo-cms-tpo.zadn.vn/w1000/Uploaded/2022/pcgycivo/2022_09_22/hinh-8-985.jpg\" data-desc=\"Sức hút thế giới cà phê Trung Nguyên Legend đầu tiên tại Thượng Hải, Trung Quốc\" data-index=\"7\" style=\"color: rgb(165, 10, 2); transition: all 0.1s ease-in-out 0s;\"><img data-image-id=\"3320211\" src=\"https://photo-cms-tpo.zadn.vn/w645/Uploaded/2022/pcgycivo/2022_09_22/hinh-8-985.jpg\" data-width=\"1200\" data-height=\"800\" data-photo-original-src=\"\" cms-photo-caption=\"\" class=\"cms-photo lazyloaded\" data-src=\"https://photo-cms-tpo.zadn.vn/w645/Uploaded/2022/pcgycivo/2022_09_22/hinh-8-985.jpg\" alt=\"Sức hút thế giới cà phê Trung Nguyên Legend đầu tiên tại Thượng Hải, Trung Quốc ảnh 8\" style=\"max-width: 100%; width: auto;\"></a></td></tr></tbody></table><p style=\"margin: 1.6rem auto 0px;\">Bảo tàng Thế giới Cà phê do Trung Nguyên Legend xây dựng tại Thủ phủ cà phê Buôn Ma Thuột được tái hiện trong không gian Thế giới cà phê Trung Nguyên Legend ở Thượng Hải tạo ấn tượng mạnh mẽ với khách quốc tế.</p><table class=\"picture\" align=\"center\" style=\"margin-top: 2.4rem; text-align: center; width: 659px; max-width: 659px;\"><tbody><tr><td class=\"pic\"><a class=\"photo\" href=\"https://photo-cms-tpo.zadn.vn/w1000/Uploaded/2022/pcgycivo/2022_09_22/hinh-9-8924.jpg\" data-desc=\"Sức hút thế giới cà phê Trung Nguyên Legend đầu tiên tại Thượng Hải, Trung Quốc\" data-index=\"8\" style=\"color: rgb(165, 10, 2); transition: all 0.1s ease-in-out 0s;\"><img data-image-id=\"3320212\" src=\"https://photo-cms-tpo.zadn.vn/w645/Uploaded/2022/pcgycivo/2022_09_22/hinh-9-8924.jpg\" data-width=\"1200\" data-height=\"800\" data-photo-original-src=\"\" cms-photo-caption=\"\" class=\"cms-photo lazyloaded\" data-src=\"https://photo-cms-tpo.zadn.vn/w645/Uploaded/2022/pcgycivo/2022_09_22/hinh-9-8924.jpg\" alt=\"Sức hút thế giới cà phê Trung Nguyên Legend đầu tiên tại Thượng Hải, Trung Quốc ảnh 9\" style=\"max-width: 100%; width: auto;\"></a></td></tr></tbody></table><p style=\"margin: 1.6rem auto 0px;\">Những hoa văn, vật liệu truyền thống quen thuộc của người Việt như đá núi lửa, đất đỏ bazan, gốm, các đồ dùng bằng mây tre đan thể hiện hài hòa cùng những yếu tố bản địa đem đến một không gian cà phê Việt vừa gần gũi, vừa mới mẻ cho người yêu cà phê Trung Quốc.</p><table class=\"picture\" align=\"center\" style=\"margin-top: 2.4rem; text-align: center; width: 659px; max-width: 659px;\"><tbody><tr><td class=\"pic\"><a class=\"photo\" href=\"https://photo-cms-tpo.zadn.vn/w1000/Uploaded/2022/pcgycivo/2022_09_22/hinh-10-857.jpg\" data-desc=\"Sức hút thế giới cà phê Trung Nguyên Legend đầu tiên tại Thượng Hải, Trung Quốc\" data-index=\"9\" style=\"color: rgb(165, 10, 2); transition: all 0.1s ease-in-out 0s;\"><img data-image-id=\"3320213\" src=\"https://photo-cms-tpo.zadn.vn/w645/Uploaded/2022/pcgycivo/2022_09_22/hinh-10-857.jpg\" data-width=\"1200\" data-height=\"1180\" data-photo-original-src=\"\" cms-photo-caption=\"\" class=\"cms-photo lazyloaded\" data-src=\"https://photo-cms-tpo.zadn.vn/w645/Uploaded/2022/pcgycivo/2022_09_22/hinh-10-857.jpg\" alt=\"Sức hút thế giới cà phê Trung Nguyên Legend đầu tiên tại Thượng Hải, Trung Quốc ảnh 10\" style=\"max-width: 100%; width: auto;\"></a></td></tr></tbody></table><p style=\"margin: 1.6rem auto 0px;\">Thế giới cà phê Trung Nguyên Legend còn mang đến đa dạng các món ăn truyền thống, đặc sắc của ẩm thực Việt Nam được thế giới ca ngợi và bình chọn đưa vào từ điển như: Phở, Bánh Mỳ, Bún chả Hà Nội, Bún bò Huế.... thu hút đông đảo khách hàng trải nghiệm thưởng thức.</p><table class=\"picture\" align=\"center\" style=\"margin-top: 2.4rem; text-align: center; width: 659px; max-width: 659px;\"><tbody><tr><td class=\"pic\"><a class=\"photo\" href=\"https://photo-cms-tpo.zadn.vn/w1000/Uploaded/2022/pcgycivo/2022_09_22/hinh-11-6889.jpg\" data-desc=\"Sức hút thế giới cà phê Trung Nguyên Legend đầu tiên tại Thượng Hải, Trung Quốc\" data-index=\"10\" style=\"color: rgb(165, 10, 2); transition: all 0.1s ease-in-out 0s;\"><img data-image-id=\"3320214\" src=\"https://photo-cms-tpo.zadn.vn/w645/Uploaded/2022/pcgycivo/2022_09_22/hinh-11-6889.jpg\" data-width=\"3000\" data-height=\"2000\" data-photo-original-src=\"\" cms-photo-caption=\"\" class=\"cms-photo lazyloaded\" data-src=\"https://photo-cms-tpo.zadn.vn/w645/Uploaded/2022/pcgycivo/2022_09_22/hinh-11-6889.jpg\" alt=\"Sức hút thế giới cà phê Trung Nguyên Legend đầu tiên tại Thượng Hải, Trung Quốc ảnh 11\" style=\"max-width: 100%; width: auto;\"></a></td></tr></tbody></table><p style=\"margin: 1.6rem auto 0px;\">Tại Thế giới cà phê Trung Nguyên Legend 699 Nanjing, Thượng Hải khoảng cách giữa các thế hệ cũng sẽ được xóa nhòa và gần như mọi nhu cầu tìm hiểu về tri thức, thưởng thức cà phê đều được đáp ứng. Nơi đây hứa hẹn sẽ là điểm đến đặc biệt cho các buổi gặp gỡ, giao thương và các sự kiện văn hóa ngoại giao giữa hai quốc gia Việt Nam và Trung Quốc.</p><table class=\"picture\" align=\"center\" style=\"margin-top: 2.4rem; text-align: center; width: 659px; max-width: 659px;\"><tbody><tr><td class=\"pic\"><a class=\"photo\" href=\"https://photo-cms-tpo.zadn.vn/w1000/Uploaded/2022/pcgycivo/2022_09_22/hinh-12-7470.jpg\" data-desc=\"Sức hút thế giới cà phê Trung Nguyên Legend đầu tiên tại Thượng Hải, Trung Quốc\" data-index=\"11\" style=\"color: rgb(165, 10, 2); transition: all 0.1s ease-in-out 0s;\"><img data-image-id=\"3320215\" src=\"https://photo-cms-tpo.zadn.vn/w645/Uploaded/2022/pcgycivo/2022_09_22/hinh-12-7470.jpg\" data-width=\"4898\" data-height=\"3265\" data-photo-original-src=\"\" cms-photo-caption=\"\" class=\"cms-photo lazyloaded\" data-src=\"https://photo-cms-tpo.zadn.vn/w645/Uploaded/2022/pcgycivo/2022_09_22/hinh-12-7470.jpg\" alt=\"Sức hút thế giới cà phê Trung Nguyên Legend đầu tiên tại Thượng Hải, Trung Quốc ảnh 12\" style=\"max-width: 100%; width: auto;\"></a></td></tr></tbody></table><p style=\"margin: 1.6rem auto 0px;\">Tại Việt Nam, Thế giới cà phê Trung Nguyên Legend cũng đã được đón nhận tại 80 Đồng Khởi, Quận 1, Tp. HCM và Khu đô thị Thành phố Cà phê, Tp. Buôn Ma Thuột.</p></div>', 0, 6, '2022-09-29 13:23:09', '2022-09-29 14:11:56');
INSERT INTO `baiviet` (`id`, `tieu_de`, `gioi_thieu`, `anh_gioi_thieu`, `noi_dung`, `trang_thai`, `danhmuc_id`, `created_at`, `updated_at`) VALUES
(9, 'Cận cảnh xe máy điện thông minh VinFast Evo200 vừa ra mắt', 'Ngày 29/9, tại Nhà máy VinFast Hải Phòng, khách hàng được bàn giao những chiếc xe máy điện VinFast Evo200', 'vin-fast-6-416330.jpg', 'TPO - Ngày 29/9, tại Nhà máy VinFast Hải Phòng, gần 300 khách hàng đặt sớm nhất được bàn giao chiếc xe máy điện thông minh VinFast Evo200, mẫu xe điện thế hệ mới nhất của VinFast với nhiều tính năng ưu việt.<div class=\"article__body cms-body\" itemprop=\"articleBody\" style=\"font-size: 18px; line-height: 1.5; color: rgb(52, 58, 64); font-family: arial, -apple-system, BlinkMacSystemFont, \" segoe=\"\" ui\",=\"\" roboto,=\"\" \"helvetica=\"\" neue\",=\"\" arial,=\"\" sans-serif,=\"\" \"apple=\"\" color=\"\" emoji\",=\"\" \"segoe=\"\" ui=\"\" symbol\",=\"\" \"noto=\"\" emoji\";\"=\"\"><table class=\"picture\" align=\"center\" style=\"margin-top: 2.4rem; text-align: center; width: 659px; max-width: 659px;\"><tbody><tr><td class=\"pic\"><a class=\"photo\" href=\"https://photo-cms-tpo.zadn.vn/w1000/Uploaded/2022/xqeioxrykx/2022_09_29/880a6847783248de40618bae6769f5ea-2-9612.jpg\" data-desc=\"Ngày 29/9, tại Nhà máy VinFast Hải Phòng, gần 300 khách hàng đặt cọc sớm nhất đã được nhận chiếc xe máy điện thông minh Evo200 do Công ty TNHH Kinh doanh Thương mại và Dịch vụ VinFast bàn giao.\" data-index=\"0\" style=\"color: rgb(165, 10, 2); transition: all 0.1s ease-in-out 0s;\"><img data-image-id=\"3329532\" src=\"https://photo-cms-tpo.zadn.vn/w645/Uploaded/2022/xqeioxrykx/2022_09_29/880a6847783248de40618bae6769f5ea-2-9612.jpg\" data-width=\"2048\" data-height=\"1323\" data-photo-original-src=\"\" cms-photo-caption=\"Ngày 29/9, tại Nhà máy VinFast Hải Phòng, gần 300 khách hàng đặt cọc sớm nhất đã được nhận chiếc xe máy điện thông minh Evo200 do Công ty TNHH Kinh doanh Thương mại và Dịch vụ VinFast bàn giao.\" class=\"cms-photo lazyloaded\" data-src=\"https://photo-cms-tpo.zadn.vn/w645/Uploaded/2022/xqeioxrykx/2022_09_29/880a6847783248de40618bae6769f5ea-2-9612.jpg\" alt=\"Cận cảnh xe máy điện thông minh VinFast Evo200 vừa ra mắt ảnh 1\" style=\"max-width: 100%; width: auto;\"></a></td></tr><tr><td class=\"caption\" style=\"font-size: 1.5rem; color: rgb(108, 117, 125); padding-top: 0.8rem;\"><p style=\"margin-right: auto; margin-bottom: 0px; margin-left: auto;\">Ngày 29/9, tại&nbsp;<a href=\"https://tienphong.vn/vinfast-chuan-bi-ban-giao-lo-xe-may-dien-vinfast-evo200-dau-tien-vao-ngay-299-post1473396.tpo\" style=\"color: rgb(165, 10, 2); transition: all 0.1s ease-in-out 0s;\">Nhà máy VinFast Hải Phòng</a>, gần 300 khách hàng đặt cọc sớm nhất đã được nhận chiếc xe máy điện thông minh Evo200 do Công ty TNHH Kinh doanh Thương mại và Dịch vụ VinFast bàn giao.</p></td></tr></tbody></table><table class=\"picture\" align=\"center\" style=\"margin-top: 2.4rem; text-align: center; width: 659px; max-width: 659px;\"><tbody><tr><td class=\"pic\"><a class=\"photo\" href=\"https://photo-cms-tpo.zadn.vn/w1000/Uploaded/2022/xqeioxrykx/2022_09_29/hag-6671-2-5351.jpg\" data-desc=\"Đây là mẫu xe máy điện mới nhất, có khả năng di chuyển xa nhất, trong khi giá bán lại thấp nhất trong các dòng sản phẩm thế hệ mới của VinFast.\" data-index=\"1\" style=\"color: rgb(165, 10, 2); transition: all 0.1s ease-in-out 0s;\"><img data-image-id=\"3329535\" src=\"https://photo-cms-tpo.zadn.vn/w645/Uploaded/2022/xqeioxrykx/2022_09_29/hag-6671-2-5351.jpg\" data-width=\"1971\" data-height=\"1232\" data-photo-original-src=\"\" cms-photo-caption=\"Đây là mẫu xe máy điện mới nhất, có khả năng di chuyển xa nhất, trong khi giá bán lại thấp nhất trong các dòng sản phẩm thế hệ mới của VinFast.\" class=\"cms-photo lazyloaded\" data-src=\"https://photo-cms-tpo.zadn.vn/w645/Uploaded/2022/xqeioxrykx/2022_09_29/hag-6671-2-5351.jpg\" alt=\"Cận cảnh xe máy điện thông minh VinFast Evo200 vừa ra mắt ảnh 2\" style=\"max-width: 100%; width: auto;\"></a></td></tr><tr><td class=\"caption\" style=\"font-size: 1.5rem; color: rgb(108, 117, 125); padding-top: 0.8rem;\"><p style=\"margin-right: auto; margin-bottom: 0px; margin-left: auto;\">Đây là mẫu xe máy điện mới nhất, có khả năng di chuyển xa nhất, trong khi giá bán lại thấp nhất trong các dòng sản phẩm thế hệ mới của VinFast.</p></td></tr></tbody></table><table class=\"picture\" align=\"center\" style=\"margin-top: 2.4rem; text-align: center; width: 659px; max-width: 659px;\"><tbody><tr><td class=\"pic\"><a class=\"photo\" href=\"https://photo-cms-tpo.zadn.vn/w1000/Uploaded/2022/xqeioxrykx/2022_09_29/mcr09088-8858.jpg\" data-desc=\"Là mẫu xe 3 nhất (mới nhất, đi xa nhất và giá tốt nhất), Evo200 đã nhanh chóng cán mốc 18.000 đơn đặt hàng chỉ sau 2 ngày mở bán, trở thành mẫu xe bán chạy nhất kể từ 21/9/2022.\" data-index=\"2\" style=\"color: rgb(165, 10, 2); transition: all 0.1s ease-in-out 0s;\"><img data-image-id=\"3329536\" src=\"https://photo-cms-tpo.zadn.vn/w645/Uploaded/2022/xqeioxrykx/2022_09_29/mcr09088-8858.jpg\" data-width=\"1200\" data-height=\"824\" data-photo-original-src=\"\" cms-photo-caption=\"Là mẫu xe 3 nhất (mới nhất, đi xa nhất và giá tốt nhất), Evo200 đã nhanh chóng cán mốc 18.000 đơn đặt hàng chỉ sau 2 ngày mở bán, trở thành mẫu xe bán chạy nhất kể từ 21/9/2022.\" class=\"cms-photo lazyloaded\" data-src=\"https://photo-cms-tpo.zadn.vn/w645/Uploaded/2022/xqeioxrykx/2022_09_29/mcr09088-8858.jpg\" alt=\"Cận cảnh xe máy điện thông minh VinFast Evo200 vừa ra mắt ảnh 3\" style=\"max-width: 100%; width: auto;\"></a></td></tr><tr><td class=\"caption\" style=\"font-size: 1.5rem; color: rgb(108, 117, 125); padding-top: 0.8rem;\">Là mẫu xe 3 nhất (mới nhất, đi xa nhất và giá tốt nhất),<a href=\"https://tienphong.vn/vinfast-chuan-bi-ban-giao-lo-xe-may-dien-vinfast-evo200-dau-tien-vao-ngay-299-post1473396.tpo\" style=\"color: rgb(165, 10, 2); transition: all 0.1s ease-in-out 0s;\">&nbsp;Evo200&nbsp;</a>đã nhanh chóng cán mốc 18.000 đơn đặt hàng chỉ sau 2 ngày mở bán, trở thành mẫu xe bán chạy nhất kể từ 21/9/2022.</td></tr></tbody></table><table class=\"picture\" align=\"center\" style=\"margin-top: 2.4rem; text-align: center; width: 659px; max-width: 659px;\"><tbody><tr><td class=\"pic\"><a class=\"photo\" href=\"https://photo-cms-tpo.zadn.vn/w1000/Uploaded/2022/xqeioxrykx/2022_09_29/vin-fast-6-4163.jpg\" data-desc=\"Evo200 có điểm ưu việt là khả năng di chuyển vượt trội so với các dòng xe đang có của VinFast, với quãng đường lên tới 205 km/1 lần sạc.\" data-index=\"3\" style=\"color: rgb(165, 10, 2); transition: all 0.1s ease-in-out 0s;\"><img data-image-id=\"3329545\" src=\"https://photo-cms-tpo.zadn.vn/w645/Uploaded/2022/xqeioxrykx/2022_09_29/vin-fast-6-4163.jpg\" data-width=\"1200\" data-height=\"750\" data-photo-original-src=\"\" cms-photo-caption=\"Evo200 có điểm ưu việt là khả năng di chuyển vượt trội so với các dòng xe đang có của VinFast, với quãng đường lên tới 205 km/1 lần sạc.\" class=\"cms-photo lazyloaded\" data-src=\"https://photo-cms-tpo.zadn.vn/w645/Uploaded/2022/xqeioxrykx/2022_09_29/vin-fast-6-4163.jpg\" alt=\"Cận cảnh xe máy điện thông minh VinFast Evo200 vừa ra mắt ảnh 4\" style=\"max-width: 100%; width: auto;\"></a></td></tr><tr><td class=\"caption\" style=\"font-size: 1.5rem; color: rgb(108, 117, 125); padding-top: 0.8rem;\"><p style=\"margin-right: auto; margin-bottom: 0px; margin-left: auto;\"><a href=\"https://tienphong.vn/vinfast-chuan-bi-ban-giao-lo-xe-may-dien-vinfast-evo200-dau-tien-vao-ngay-299-post1473396.tpo\" style=\"color: rgb(165, 10, 2); transition: all 0.1s ease-in-out 0s;\">Evo200</a>&nbsp;có điểm ưu việt là khả năng di chuyển vượt trội so với các dòng xe đang có của VinFast, với quãng đường lên tới 205 km/1 lần sạc.</p></td></tr></tbody></table><table class=\"picture\" align=\"center\" style=\"margin-top: 2.4rem; text-align: center; width: 659px; max-width: 659px;\"><tbody><tr><td class=\"pic\"><a class=\"photo\" href=\"https://photo-cms-tpo.zadn.vn/w1000/Uploaded/2022/xqeioxrykx/2022_09_29/nmd18303-162.jpg\" data-desc=\"Chiếc xe điện thông minh này còn được thiết kế kích thước phù hợp với đô thị, thời trang với 5 màu: vàng, đỏ, trắng, xanh tím than, đen nhám.\" data-index=\"4\" style=\"color: rgb(165, 10, 2); transition: all 0.1s ease-in-out 0s;\"><img data-image-id=\"3329539\" src=\"https://photo-cms-tpo.zadn.vn/w645/Uploaded/2022/xqeioxrykx/2022_09_29/nmd18303-162.jpg\" data-width=\"1200\" data-height=\"750\" data-photo-original-src=\"\" cms-photo-caption=\"Chiếc xe điện thông minh này còn được thiết kế kích thước phù hợp với đô thị, thời trang với 5 màu: vàng, đỏ, trắng, xanh tím than, đen nhám.\" class=\"cms-photo lazyloaded\" data-src=\"https://photo-cms-tpo.zadn.vn/w645/Uploaded/2022/xqeioxrykx/2022_09_29/nmd18303-162.jpg\" alt=\"Cận cảnh xe máy điện thông minh VinFast Evo200 vừa ra mắt ảnh 5\" style=\"max-width: 100%; width: auto;\"></a></td></tr><tr><td class=\"caption\" style=\"font-size: 1.5rem; color: rgb(108, 117, 125); padding-top: 0.8rem;\"><p style=\"margin-right: auto; margin-bottom: 0px; margin-left: auto;\">Chiếc xe điện thông minh này còn được thiết kế kích thước phù hợp với đô thị, thời trang với 5 màu: vàng, đỏ, trắng, xanh tím than, đen nhám.</p></td></tr></tbody></table><table class=\"picture\" align=\"center\" style=\"margin-top: 2.4rem; text-align: center; width: 659px; max-width: 659px;\"><tbody><tr><td class=\"pic\"><a class=\"photo\" href=\"https://photo-cms-tpo.zadn.vn/w1000/Uploaded/2022/xqeioxrykx/2022_09_29/mcr09136-7367.jpg\" data-desc=\"Trong khi chiếc Evo200 có thể di chuyển với vận tốc tối đa lên tới 70km/h thì chiếc Evo200 Lite được điều chỉnh giới hạn tốc độ tối đa 49km/h để phù hợp với học sinh.\" data-index=\"5\" style=\"color: rgb(165, 10, 2); transition: all 0.1s ease-in-out 0s;\"><img data-image-id=\"3329537\" src=\"https://photo-cms-tpo.zadn.vn/w645/Uploaded/2022/xqeioxrykx/2022_09_29/mcr09136-7367.jpg\" data-width=\"1200\" data-height=\"1746\" data-photo-original-src=\"\" cms-photo-caption=\"Trong khi chiếc Evo200 có thể di chuyển với vận tốc tối đa lên tới 70km/h thì chiếc Evo200 Lite được điều chỉnh giới hạn tốc độ tối đa 49km/h để phù hợp với học sinh.\" class=\"cms-photo lazyloaded\" data-src=\"https://photo-cms-tpo.zadn.vn/w645/Uploaded/2022/xqeioxrykx/2022_09_29/mcr09136-7367.jpg\" alt=\"Cận cảnh xe máy điện thông minh VinFast Evo200 vừa ra mắt ảnh 6\" style=\"max-width: 100%; width: auto;\"></a></td></tr><tr><td class=\"caption\" style=\"font-size: 1.5rem; color: rgb(108, 117, 125); padding-top: 0.8rem;\"><p style=\"margin-right: auto; margin-bottom: 0px; margin-left: auto;\">Trong khi chiếc Evo200 có thể di chuyển với vận tốc tối đa lên tới 70km/h thì chiếc Evo200 Lite được điều chỉnh giới hạn tốc độ tối đa 49km/h để phù hợp với học sinh.</p></td></tr></tbody></table><table class=\"picture\" align=\"center\" style=\"margin-top: 2.4rem; text-align: center; width: 659px; max-width: 659px;\"><tbody><tr><td class=\"pic\"><a class=\"photo\" href=\"https://photo-cms-tpo.zadn.vn/w1000/Uploaded/2022/xqeioxrykx/2022_09_29/vin-fast-1-1149.jpg\" data-desc=\"Trước khi chính thức nhận xe, khách mời được tham quan tổ hợp sản xuất xe máy điện hiện đại và tìm hiểu về quy trình khép kinh, tự chủ hoàn toàn của Nhà máy VinFast.\" data-index=\"6\" style=\"color: rgb(165, 10, 2); transition: all 0.1s ease-in-out 0s;\"><img data-image-id=\"3329540\" src=\"https://photo-cms-tpo.zadn.vn/w645/Uploaded/2022/xqeioxrykx/2022_09_29/vin-fast-1-1149.jpg\" data-width=\"1200\" data-height=\"749\" data-photo-original-src=\"\" cms-photo-caption=\"Trước khi chính thức nhận xe, khách mời được tham quan tổ hợp sản xuất xe máy điện hiện đại và tìm hiểu về quy trình khép kinh, tự chủ hoàn toàn của Nhà máy VinFast.\" class=\"cms-photo lazyloaded\" data-src=\"https://photo-cms-tpo.zadn.vn/w645/Uploaded/2022/xqeioxrykx/2022_09_29/vin-fast-1-1149.jpg\" alt=\"Cận cảnh xe máy điện thông minh VinFast Evo200 vừa ra mắt ảnh 7\" style=\"max-width: 100%; width: auto;\"></a></td></tr><tr><td class=\"caption\" style=\"font-size: 1.5rem; color: rgb(108, 117, 125); padding-top: 0.8rem;\"><p style=\"margin-right: auto; margin-bottom: 0px; margin-left: auto;\">Trước khi chính thức nhận xe, khách mời được tham quan tổ hợp sản xuất xe máy điện hiện đại và tìm hiểu về quy trình khép kinh, tự chủ hoàn toàn của Nhà máy VinFast.</p></td></tr></tbody></table><table class=\"picture\" align=\"center\" style=\"margin-top: 2.4rem; text-align: center; width: 659px; max-width: 659px;\"><tbody><tr><td class=\"pic\"><a class=\"photo\" href=\"https://photo-cms-tpo.zadn.vn/w1000/Uploaded/2022/xqeioxrykx/2022_09_29/vin-fast-2-3755.jpg\" data-desc=\"Tất cả các cấu phần quan trọng nhất của xe, từ động cơ điện, hệ thống pin LFP, khung xe cho đến phần mềm quản lý đều được VinFast phát triển và sản xuất ngay tại nhà máy với công suất lên tới 500.000 xe máy điện mỗi năm.\" data-index=\"7\" style=\"color: rgb(165, 10, 2); transition: all 0.1s ease-in-out 0s;\"><img data-image-id=\"3329541\" src=\"https://photo-cms-tpo.zadn.vn/w645/Uploaded/2022/xqeioxrykx/2022_09_29/vin-fast-2-3755.jpg\" data-width=\"1200\" data-height=\"750\" data-photo-original-src=\"\" cms-photo-caption=\"Tất cả các cấu phần quan trọng nhất của xe, từ động cơ điện, hệ thống pin LFP, khung xe cho đến phần mềm quản lý đều được VinFast phát triển và sản xuất ngay tại nhà máy với công suất lên tới 500.000 xe máy điện mỗi năm.\" class=\"cms-photo lazyloaded\" data-src=\"https://photo-cms-tpo.zadn.vn/w645/Uploaded/2022/xqeioxrykx/2022_09_29/vin-fast-2-3755.jpg\" alt=\"Cận cảnh xe máy điện thông minh VinFast Evo200 vừa ra mắt ảnh 8\" style=\"max-width: 100%; width: auto;\"></a></td></tr><tr><td class=\"caption\" style=\"font-size: 1.5rem; color: rgb(108, 117, 125); padding-top: 0.8rem;\"><p style=\"margin-right: auto; margin-bottom: 0px; margin-left: auto;\">Tất cả các cấu phần quan trọng nhất của xe, từ động cơ điện, hệ thống pin LFP, khung xe cho đến phần mềm quản lý đều được VinFast phát triển và sản xuất ngay tại nhà máy với công suất lên tới 500.000 xe máy điện mỗi năm.</p></td></tr></tbody></table></div>', 0, 1, '2022-09-29 13:25:30', '2022-09-29 14:11:21'),
(10, 'Chủ tịch Quốc hội Vương Đình Huệ: Công khai minh bạch trong quản lý, đấu thầu thuốc', 'Chủ tịch Quốc hội Vương Đình Huệ: Công khai minh bạch trong quản lý, đấu thầu thuốc', '-txl5727-copy-965912.jpg', 'TPO - Tại buổi tiếp xúc cử tri huyện Thủy Nguyên (TP Hải Phòng) ngày 29/9, Chủ tịch Quốc hội Vương Đình Huệ cho biết, đấu thầu thuốc chữa bệnh phải đảm bảo chất lượng, giá cả, nguồn cung; phải mạnh dạn sửa đổi, công khai minh bạch trong quản lý giá, đấu thầu thuốc.<div class=\"article__body cms-body\" itemprop=\"articleBody\" style=\"font-size: 18px; line-height: 1.5; color: rgb(52, 58, 64); font-family: arial, -apple-system, BlinkMacSystemFont, \" segoe=\"\" ui\",=\"\" roboto,=\"\" \"helvetica=\"\" neue\",=\"\" arial,=\"\" sans-serif,=\"\" \"apple=\"\" color=\"\" emoji\",=\"\" \"segoe=\"\" ui=\"\" symbol\",=\"\" \"noto=\"\" emoji\";\"=\"\"><p style=\"margin: 1.6rem auto 0px;\">Thực hiện chương trình tiếp xúc cử tri trước Kỳ họp thứ 4 Quốc hội khóa XV, ngày 29/9,&nbsp;<a href=\"https://tienphong.vn/chu-tich-quoc-hoi-ket-qua-nghien-cuu-thu-nghiem-vac-xin-trong-nuoc-ra-sao-post1472012.tpo\" style=\"color: rgb(165, 10, 2); transition: all 0.1s ease-in-out 0s;\">Chủ tịch Quốc hội Vương Đình Huệ</a>&nbsp;đã có buổi&nbsp;<a href=\"https://tienphong.vn/chu-tich-quoc-hoi-lay-bat-bien-de-ung-voi-van-bien-post1470593.tpo\" style=\"color: rgb(165, 10, 2); transition: all 0.1s ease-in-out 0s;\">tiếp xúc cử tri</a>&nbsp;tại huyện Thủy Nguyên (TP Hải Phòng).</p><p style=\"margin: 1.6rem auto 0px;\">Tại buổi tiếp xúc, cử tri huyện Thủy Nguyên đề nghị Quốc hội nghiên cứu cơ chế định giá thuốc; hoàn thiện cơ chế đấu thầu thuốc, bảo đảm công khai, minh bạch để người được giao nhiệm vụ đấu thầu không dám làm sai và cũng yên tâm không làm sai; bảo đảm quyền lợi cho người nghèo khi được mua thuốc với giá hợp lý.</p><p style=\"margin: 1.6rem auto 0px;\">Cử tri cũng đề nghị Nhà nước quan tâm hơn nữa đến chế độ, chính sách cho đội ngũ y bác sỹ, cán bộ ngành y tế. Cử tri cũng mong muốn Quốc hội tăng cường giám sát về bảo vệ môi trường, nhất là giám sát để ngăn chặn hiệu quả nạn phá rừng, xả thải trực tiếp ra môi trường của các khu công nghiệp, nhà máy...</p><p style=\"margin: 1.6rem auto 0px;\">Ngoài ra, nhiều ý kiến của cử tri về một số kiến nghị cụ thể liên quan đến dự án Luật Khám bệnh, chữa bệnh (sửa đổi), dự án Luật Phòng, chống bạo lực gia đình (sửa đổi)...</p><table class=\"picture\" align=\"center\" style=\"margin-top: 2.4rem; text-align: center; width: 659px; max-width: 659px;\"><tbody><tr><td class=\"pic\"><a class=\"photo\" href=\"https://photo-cms-tpo.zadn.vn/w1000/Uploaded/2022/xqeioxrykx/2022_09_29/-txl5310-copy-7883.jpg\" data-desc=\"Chủ tịch Quốc hội Vương Đình Huệ và Đoàn đại biểu Quốc hội TP Hải Phòng tiếp xúc cử tri tại huyện Thủy Nguyên.\" data-index=\"0\" style=\"color: rgb(165, 10, 2); transition: all 0.1s ease-in-out 0s;\"><img data-image-id=\"3329246\" src=\"https://photo-cms-tpo.zadn.vn/w645/Uploaded/2022/xqeioxrykx/2022_09_29/-txl5310-copy-7883.jpg\" data-width=\"1200\" data-height=\"675\" data-photo-original-src=\"\" cms-photo-caption=\"Chủ tịch Quốc hội Vương Đình Huệ và Đoàn đại biểu Quốc hội TP Hải Phòng tiếp xúc cử tri tại huyện Thủy Nguyên.\" class=\"cms-photo ls-is-cached lazyloaded\" data-src=\"https://photo-cms-tpo.zadn.vn/w645/Uploaded/2022/xqeioxrykx/2022_09_29/-txl5310-copy-7883.jpg\" alt=\"Chủ tịch Quốc hội Vương Đình Huệ: Công khai minh bạch trong quản lý, đấu thầu thuốc ảnh 1\" style=\"max-width: 100%; width: auto;\"></a></td></tr><tr><td class=\"caption\" style=\"font-size: 1.5rem; color: rgb(108, 117, 125); padding-top: 0.8rem;\"><p style=\"margin-right: auto; margin-bottom: 0px; margin-left: auto;\">Chủ tịch Quốc hội Vương Đình Huệ và Đoàn đại biểu Quốc hội TP Hải Phòng tiếp xúc cử tri tại huyện Thủy Nguyên.</p></td></tr></tbody></table><table class=\"picture\" align=\"center\" style=\"margin-top: 2.4rem; text-align: center; width: 659px; max-width: 659px;\"><tbody><tr><td class=\"pic\"><a class=\"photo\" href=\"https://photo-cms-tpo.zadn.vn/w1000/Uploaded/2022/xqeioxrykx/2022_09_29/-txl5608-copy-7078.jpg\" data-desc=\"Cử tri huyện Thủy Nguyên nêu các vấn đề liên quan lĩnh vực khám chữa bệnh tại buổi tiếp xúc.\" data-index=\"1\" style=\"color: rgb(165, 10, 2); transition: all 0.1s ease-in-out 0s;\"><img data-image-id=\"3329244\" src=\"https://photo-cms-tpo.zadn.vn/w645/Uploaded/2022/xqeioxrykx/2022_09_29/-txl5608-copy-7078.jpg\" data-width=\"1200\" data-height=\"675\" data-photo-original-src=\"\" cms-photo-caption=\"Cử tri huyện Thủy Nguyên nêu các vấn đề liên quan lĩnh vực khám chữa bệnh tại buổi tiếp xúc.\" class=\"cms-photo ls-is-cached lazyloaded\" data-src=\"https://photo-cms-tpo.zadn.vn/w645/Uploaded/2022/xqeioxrykx/2022_09_29/-txl5608-copy-7078.jpg\" alt=\"Chủ tịch Quốc hội Vương Đình Huệ: Công khai minh bạch trong quản lý, đấu thầu thuốc ảnh 2\" style=\"max-width: 100%; width: auto;\"></a></td></tr><tr><td class=\"caption\" style=\"font-size: 1.5rem; color: rgb(108, 117, 125); padding-top: 0.8rem;\"><p style=\"margin-right: auto; margin-bottom: 0px; margin-left: auto;\">Cử tri huyện Thủy Nguyên nêu các vấn đề liên quan lĩnh vực khám chữa bệnh tại buổi tiếp xúc.</p></td></tr></tbody></table><p style=\"margin: 1.6rem auto 0px;\">Phát biểu tại cuộc tiếp xúc, Chủ tịch Quốc hội Vương Đình Huệ vui mừng thông báo với cử tri, tình hình kinh tế - xã hội nước ta năm nay rất khả quan. Theo số liệu của Tổng cục Thống kê, tăng trưởng kinh tế quý 3 đạt mức 13,67%; 9 tháng tổng tăng trưởng GDP bình quân khoảng 8,83%.</p><p style=\"margin: 1.6rem auto 0px;\">Bên cạnh đó, Chủ tịch Quốc hội cũng phân tích các yếu tố bất lợi có khả năng tác động tiêu cực tới nền kinh tế nước ta; nhấn mạnh tầm quan trọng của việc phải tiếp tục chủ động, linh hoạt thích ứng với các tình huống phát sinh.</p><p style=\"margin: 1.6rem auto 0px;\">Về các vấn đề được cử tri đặt ra, Chủ tịch Quốc hội nêu rõ, về cơ chế định giá thuốc và đấu thầu thuốc phải bảo đảm 3 yêu cầu rất quan trọng là: nguồn cung; chất lượng, chống hàng giả và giá cả phải hợp lý. Quy định của Luật Dược và trong điều hành cụ thể của Chính phủ cũng đều cố gắng bảo đảm 3 nguyên tắc này.</p><p style=\"margin: 1.6rem auto 0px;\">Tuy nhiên, thời gian qua, do nhiều yếu tố khách quan và chủ quan, trong đó có cả vấn đề thiếu nguồn cung nên đã dẫn đến tình trạng thiếu hụt thuốc, trang thiết bị, vật tư y tế.</p><p style=\"margin: 1.6rem auto 0px;\">Vì thế, tại Nghị quyết Kỳ họp thứ 3, Quốc hội Khoá XV, Quốc hội đã giao Chính phủ “tháo gỡ các vướng mắc, bất cập để triển khai đấu thầu, mua sắm thuốc, trang thiết bị vật tư y tế”.</p><table class=\"picture\" align=\"center\" style=\"margin-top: 2.4rem; text-align: center; width: 659px; max-width: 659px;\"><tbody><tr><td class=\"pic\"><a class=\"photo\" href=\"https://photo-cms-tpo.zadn.vn/w1000/Uploaded/2022/xqeioxrykx/2022_09_29/-txl5294-copy-2257.jpg\" data-desc=\"Chủ tịch Quốc hội Vương Đình Huệ: Công khai minh bạch trong quản lý, đấu thầu thuốc\" data-index=\"2\" style=\"color: rgb(165, 10, 2); transition: all 0.1s ease-in-out 0s;\"><img data-image-id=\"3329247\" src=\"https://photo-cms-tpo.zadn.vn/w645/Uploaded/2022/xqeioxrykx/2022_09_29/-txl5294-copy-2257.jpg\" data-width=\"1200\" data-height=\"675\" data-photo-original-src=\"\" cms-photo-caption=\"\" class=\"cms-photo ls-is-cached lazyloaded\" data-src=\"https://photo-cms-tpo.zadn.vn/w645/Uploaded/2022/xqeioxrykx/2022_09_29/-txl5294-copy-2257.jpg\" alt=\"Chủ tịch Quốc hội Vương Đình Huệ: Công khai minh bạch trong quản lý, đấu thầu thuốc ảnh 3\" style=\"max-width: 100%; width: auto;\"></a></td></tr></tbody></table><p style=\"margin: 1.6rem auto 0px;\">Chính phủ, Thủ tướng Chính phủ đã vào cuộc rất quyết liệt, “xắn tay áo” cùng các cấp, các ngành để xử lý vấn đề này. Báo cáo gần đây nhất của Bộ Y tế cho thấy, chúng ta đang từng bước tháo gỡ được khó khăn này. Tình trạng thiếu thuốc đã giảm và đã triển khai cơ chế đấu thầu thuốc tại Bộ Y tế.</p><p style=\"margin: 1.6rem auto 0px;\">Quốc hội cũng đã yêu cầu Chính phủ, Bộ Y tế rà soát lại các quy định của ngành y tế. Chúng ta mong muốn có thuốc rẻ cho nhân dân nhưng cũng phải tuân theo quy luật thị trường.</p><p style=\"margin: 1.6rem auto 0px;\">\"Đấu thầu thuốc chữa bệnh thì không thể năm sau thấp hơn năm trước mà phải bảo đảm chất lượng, giá cả, nguồn cung. Phải mạnh dạn sửa đổi, công khai minh bạch trong vấn đề quản lý giá thuốc, đấu thầu thuốc”, Chủ tịch Quốc hội nhấn mạnh.</p><p style=\"margin: 1.6rem auto 0px;\">Chủ tịch Quốc hội cho biết, tại Kỳ họp thứ 4 tới, Quốc hội sẽ xem xét cho ý kiến lần đầu đối với dự án Luật Giá (sửa đổi) và dự án Luật Đấu thầu (sửa đổi). Trong đó, Chính phủ đang đề xuất đưa thuốc vào mặt hàng Nhà nước định giá (trước đây, thuốc chỉ là mặt hàng kê khai giá) và đề xuất nhiều quy định nhằm tiếp tục hoàn thiện khung pháp lý bảo đảm công khai, minh bạch để cán bộ vận hành theo đúng quy định, không sợ sai.</p></div>', 0, 6, '2022-09-29 13:27:22', '2022-09-29 14:10:21'),
(11, 'Ninh Bình quy định tối đa 11 khoản thu trong trường học', 'TPO - Sở GD&ĐT Ninh Bình đã có văn bản hướng dẫn thực hiện các khoản thu, chi trong trường học', '9860-1662972020-hai-phong-thi-lop-10-88660.jpg', 'TPO - Sở GD&amp;ĐT Ninh Bình đã có văn bản hướng dẫn thực hiện các khoản thu, chi trong trường học, trong đó quy định cụ thể mức tối đa của 11 khoản.<div class=\"article__body cms-body\" itemprop=\"articleBody\" style=\"font-size: 18px; line-height: 1.5; color: rgb(52, 58, 64); font-family: arial, -apple-system, BlinkMacSystemFont, \" segoe=\"\" ui\",=\"\" roboto,=\"\" \"helvetica=\"\" neue\",=\"\" arial,=\"\" sans-serif,=\"\" \"apple=\"\" color=\"\" emoji\",=\"\" \"segoe=\"\" ui=\"\" symbol\",=\"\" \"noto=\"\" emoji\";\"=\"\"><p style=\"margin: 1.6rem auto 0px;\"><a href=\"https://tienphong.vn/ha-noi-cam-ban-dai-dien-cha-me-hoc-sinh-thu-7-khoan-post1472974.tpo\" style=\"color: rgb(165, 10, 2); transition: all 0.1s ease-in-out 0s;\">Theo hướng dẫn của Sở GD&amp;ĐT Ninh Bình</a>, đối với các trường công lập, có 11 mục thu dịch vụ phục vụ, hỗ trợ hoạt động giáo dục được quy định mức tối đa.</p><p style=\"margin: 1.6rem auto 0px;\">Các khoản thu cụ thể như sau:</p><table class=\"picture\" align=\"center\" style=\"margin-top: 2.4rem; text-align: center; width: 659px; max-width: 659px;\"><tbody><tr><td class=\"pic\"><a class=\"photo\" href=\"https://photo-cms-tpo.zadn.vn/w1000/Uploaded/2022/itmtu/2022_09_28/muc1-9053.png\" data-desc=\"Ninh Bình quy định tối đa 11 khoản thu trong trường học\" data-index=\"0\" style=\"color: rgb(165, 10, 2); transition: all 0.1s ease-in-out 0s;\"><img data-image-id=\"3327934\" src=\"https://photo-cms-tpo.zadn.vn/w645/Uploaded/2022/itmtu/2022_09_28/muc1-9053.png\" data-width=\"686\" data-height=\"658\" data-photo-original-src=\"\" cms-photo-caption=\"\" class=\"cms-photo lazyloaded\" data-src=\"https://photo-cms-tpo.zadn.vn/w645/Uploaded/2022/itmtu/2022_09_28/muc1-9053.png\" alt=\"Ninh Bình quy định tối đa 11 khoản thu trong trường học ảnh 1\" style=\"max-width: 100%; width: auto;\"></a></td></tr></tbody></table><table class=\"picture\" align=\"center\" style=\"margin-top: 2.4rem; text-align: center; width: 659px; max-width: 659px;\"><tbody><tr><td class=\"pic\"><a class=\"photo\" href=\"https://photo-cms-tpo.zadn.vn/w1000/Uploaded/2022/itmtu/2022_09_28/thu-chi2-7188.png\" data-desc=\"Ninh Bình quy định tối đa 11 khoản thu trong trường học\" data-index=\"1\" style=\"color: rgb(165, 10, 2); transition: all 0.1s ease-in-out 0s;\"><img data-image-id=\"3327888\" src=\"https://photo-cms-tpo.zadn.vn/w645/Uploaded/2022/itmtu/2022_09_28/thu-chi2-7188.png\" data-width=\"686\" data-height=\"550\" data-photo-original-src=\"\" cms-photo-caption=\"\" class=\"cms-photo lazyloaded\" data-src=\"https://photo-cms-tpo.zadn.vn/w645/Uploaded/2022/itmtu/2022_09_28/thu-chi2-7188.png\" alt=\"Ninh Bình quy định tối đa 11 khoản thu trong trường học ảnh 2\" style=\"max-width: 100%; width: auto;\"></a></td></tr></tbody></table><table class=\"picture\" align=\"center\" style=\"margin-top: 2.4rem; text-align: center; width: 659px; max-width: 659px;\"><tbody><tr><td class=\"pic\"><a class=\"photo\" href=\"https://photo-cms-tpo.zadn.vn/w1000/Uploaded/2022/itmtu/2022_09_28/thu-chi3-1988.png\" data-desc=\"Ninh Bình quy định tối đa 11 khoản thu trong trường học\" data-index=\"2\" style=\"color: rgb(165, 10, 2); transition: all 0.1s ease-in-out 0s;\"><img data-image-id=\"3327886\" src=\"https://photo-cms-tpo.zadn.vn/w645/Uploaded/2022/itmtu/2022_09_28/thu-chi3-1988.png\" data-width=\"690\" data-height=\"690\" data-photo-original-src=\"\" cms-photo-caption=\"\" class=\"cms-photo lazyloaded\" data-src=\"https://photo-cms-tpo.zadn.vn/w645/Uploaded/2022/itmtu/2022_09_28/thu-chi3-1988.png\" alt=\"Ninh Bình quy định tối đa 11 khoản thu trong trường học ảnh 3\" style=\"max-width: 100%; width: auto;\"></a></td></tr></tbody></table><p style=\"margin: 1.6rem auto 0px;\">Sở GD&amp;ĐT Ninh Bình cũng đưa ra danh mục các khoản thu dịch vụ phục vụ, hỗ trợ hoạt động giáo dục không quy định mức tối đa. Các khoản này bao gồm: Tiền điện phục vụ trực tiếp cho nhu cầu học sinh (điều hòa, quạt, bình nóng lạnh, chiếu sáng và các thiết bị điện phục vụ hoạt động dạy và học trên lớp); xe đưa đón học sinh; sổ liên lạc điện tử; sổ theo dõi trẻ điện tử; sách giáo khoa, tài liệu, đồ dùng, đồ chơi và học liệu; dạy kỹ năng sống đối với học sinh phổ thông (do tổ chức được cấp phép triển khai tại nhà trường); các hoạt động ngoài giờ lên lớp, hoạt động trải nghiệm ngoài nhà trường.</p><p style=\"margin: 1.6rem auto 0px;\">Sở này yêu cầu các khoản thu dịch vụ phục vụ, hỗ trợ hoạt động giáo dục ngoài học phí trong các cơ sở giáo dục mầm non, cơ sở giáo dục phổ thông công lập được thu theo nguyên tắc.</p><p style=\"margin: 1.6rem auto 0px;\">Cụ thể:</p><p style=\"margin: 1.6rem auto 0px;\">Các khoản thu, mức thu phải thực hiện thỏa thuận giữa nhà trường với cha mẹ học sinh; khoản thu và mức thu khi thực hiện không vượt quá mức tối đa đối với những khoản thu có quy định mức tối đa. Việc thỏa thuận thực hiện bằng văn bản.</p><p style=\"margin: 1.6rem auto 0px;\">Các khoản thu, mức thu phải phù hợp với tình hình thực tế của các cơ sở giáo dục, điều kiện kinh tế - xã hội, thu nhập của cha mẹ học sinh và đảm bảo nguyên tắc thu đủ bù chi, đúng mục đích, tiết kiệm, hiệu quả.</p><p style=\"margin: 1.6rem auto 0px;\"><a href=\"https://tienphong.vn/bi-phan-ung-vi-nhieu-khoan-thu-bat-hop-ly-hieu-truong-viet-thu-dung-thu-xin-loi-phu-huynh-post1473412.tpo\" style=\"color: rgb(165, 10, 2); transition: all 0.1s ease-in-out 0s;\">Khi thực hiện các khoản thu đối với những nội dung được ngân sách Nhà nước</a>&nbsp;cấp hỗ trợ hoặc đã được bố trí từ nguồn kinh phí khác, mức thu phải được giảm trừ sau khi tính toán số kinh phí đã được bố trí trong dự toán của đơn vị.</p><p style=\"margin: 1.6rem auto 0px;\">Tùy theo tình hình, điều kiện thực tế về việc tổ chức các dịch vụ phục vụ và các hoạt động giáo dục cần thiết khác tại mỗi cơ sở giáo dục; căn cứ vào nhu cầu của học sinh, thu nhập của cha mẹ học sinh mà mỗi cơ sở giáo dục cần thống nhất với cha mẹ học sinh về việc lựa chọn các dịch vụ và hoạt động giáo dục khác phù hợp theo nguyên tắc tự nguyện.</p><p style=\"margin: 1.6rem auto 0px;\">Các cơ sở giáo dục không được tự áp đặt đối với học sinh, cha mẹ học sinh về việc sử dụng các dịch vụ phục vụ và tổ chức các hoạt động giáo dục khác khi chưa có sự đồng thuận, thống nhất giữa cơ sở giáo dục và cha mẹ học sinh. Mỗi khoản thu dịch vụ phục vụ, hỗ trợ các hoạt động giáo dục phải xây dựng dự toán chi cụ thể để làm cơ sở xác định mức thu đối với học sinh.</p><p style=\"margin: 1.6rem auto 0px;\">Cũng theo hướng dẫn của Sở GD&amp;ĐT Ninh Bình, kinh phí hoạt động của Ban đại diện cha mẹ học sinh lớp có được từ sự ủng hộ tự nguyện của cha mẹ học sinh (không quy định mức kinh phí ủng hộ bình quân) và nguồn tài trợ hợp pháp khác cho Ban đại diện cha mẹ học sinh lớp.</p></div>', 0, 7, '2022-09-29 13:29:10', '2022-09-29 14:09:49'),
(12, 'Ngày 29/9, Việt Nam ghi nhận số ca tử vong và bệnh nhân COVID-19 nặng tăng', 'Bộ Y tế cho biết Việt Nam ghi nhận 978 ca COVID-19, giảm 609 trường hợp so với hôm qua', 'xn-896070.jpg', 'TPO - Ngày 29/9, Bộ Y tế cho biết Việt Nam ghi nhận 978 ca COVID-19, giảm 609 trường hợp so với hôm qua. Có 1 bệnh nhân tử vong, tăng 1 ca so với 24 giờ trước. Số ca nặng cũng tăng thêm 23 trường hợp.<div class=\"article__body cms-body\" itemprop=\"articleBody\" style=\"font-size: 18px; line-height: 1.5; color: rgb(52, 58, 64); font-family: arial, -apple-system, BlinkMacSystemFont, \" segoe=\"\" ui\",=\"\" roboto,=\"\" \"helvetica=\"\" neue\",=\"\" arial,=\"\" sans-serif,=\"\" \"apple=\"\" color=\"\" emoji\",=\"\" \"segoe=\"\" ui=\"\" symbol\",=\"\" \"noto=\"\" emoji\";\"=\"\"><p style=\"margin: 1.6rem auto 0px;\">Kể từ đầu dịch đến nay Việt Nam có 11.477.886 ca nhiễm, đứng thứ 13/230 quốc gia và vùng lãnh thổ, trong khi với tỷ lệ số ca nhiễm/1 triệu dân, Việt Nam đứng thứ 115/230 quốc gia và vùng lãnh thổ (bình quân cứ 1 triệu người có 115.993 ca nhiễm).</p><p style=\"margin: 1.6rem auto 0px;\"><span style=\"font-weight: bolder; margin: 1.6rem auto 0px;\">Số bệnh nhân khỏi bệnh:</span></p><p style=\"margin: 1.6rem auto 0px;\">Bệnh nhân được công bố khỏi bệnh trong ngày: 1.100 ca</p><p style=\"margin: 1.6rem auto 0px;\">Tổng số ca được điều trị khỏi: 10.590.917 ca</p><p style=\"margin: 1.6rem auto 0px;\"><span style=\"font-weight: bolder; margin: 1.6rem auto 0px;\">Số bệnh nhân đang thở ô xy</span>&nbsp;là 106 ca, trong đó:</p><p style=\"margin: 1.6rem auto 0px;\">- Thở ô xy qua mặt nạ: 91 ca</p><p style=\"margin: 1.6rem auto 0px;\">- Thở ô xy dòng cao HFNC: 1 ca</p><p style=\"margin: 1.6rem auto 0px;\">- Thở máy không xâm lấn: 3 ca</p><p style=\"margin: 1.6rem auto 0px;\">- Thở máy xâm lấn: 11 ca</p><p style=\"margin: 1.6rem auto 0px;\">- ECMO: 0 ca</p><p style=\"margin: 1.6rem auto 0px;\"><span style=\"font-weight: bolder; margin: 1.6rem auto 0px;\">Số bệnh nhân tử vong:</span></p><p style=\"margin: 1.6rem auto 0px;\">Ngày 28/9 ghi nhận 1 ca tử vong tại: Hải Dương.</p><p style=\"margin: 1.6rem auto 0px;\">Trung bình số tử vong ghi nhận trong 07 ngày qua: 0 ca.</p><p style=\"margin: 1.6rem auto 0px;\">Tổng số ca tử vong do COVID-19 tại Việt Nam tính đến nay là 43.148 ca, chiếm tỷ lệ 0,4% so với tổng số ca nhiễm.</p><p style=\"margin: 1.6rem auto 0px;\">Tổng số ca tử vong xếp thứ 26/230 vùng lãnh thổ, số ca tử vong trên 1 triệu dân xếp thứ 138/230 quốc gia, vùng lãnh thổ trên thế giới. So với châu Á, tổng số ca tử vong xếp thứ 7/49 (xếp thứ 3 ASEAN), tử vong trên 1 triệu dân xếp thứ 28/49 quốc gia, vùng lãnh thổ châu Á (xếp thứ 5 ASEAN).</p><p style=\"margin: 1.6rem auto 0px;\">Trong ngày 28/9 có 48.759 liều vắc xin phòng COVID-19 được tiêm. Như vậy, tổng số liều vắc xin đã được tiêm là 260.065.575 liều, trong đó:</p><p style=\"margin: 1.6rem auto 0px;\">+ Số liều tiêm cho người từ 18 tuổi trở lên là 220.437.130 liều: Mũi 1 là 71.063.935 liều; Mũi 2 là 68.654.697 liều; Mũi bổ sung là 14.539.356 liều; Mũi nhắc lại lần 1 là 50.795.316 liều; Mũi nhắc lại lần 2 là 15.383.826 liều.</p><p style=\"margin: 1.6rem auto 0px;\">+ Số liều tiêm cho trẻ từ 12-17 tuổi là 22.954.915 liều: Mũi 1 là 9.104.175 liều; Mũi 2 là 8.848.516 liều; Mũi nhắc lại lần 1 là 5.002.224 liều.</p><p style=\"margin: 1.6rem auto 0px;\">+ Số liều tiêm cho trẻ từ 5-11 tuổi là 16.673.530 liều: Mũi 1 là 9.850.375 liều; Mũi 2 là 6.823.155 liều.</p></div>', 0, 4, '2022-09-29 13:31:41', '2022-09-29 14:09:25'),
(13, 'Bí mật PSG: Mbappe muốn tống khứ Neymar, Messi đứng ra hòa giải', 'Kylian Mbappe muốn tống khứ Neymar vì những đặc quyền mà tiền đạo này được nhận ở PSG', 'neymar-mbappe-854757.jpg', '<div class=\"article__sapo cms-desc\" style=\"font-size: 1.8rem; font-weight: 600; margin-top: 1.2rem; color: rgb(52, 58, 64); font-family: arial, -apple-system, BlinkMacSystemFont, &quot;Segoe UI&quot;, Roboto, &quot;Helvetica Neue&quot;, Arial, sans-serif, &quot;Apple Color Emoji&quot;, &quot;Segoe UI Emoji&quot;, &quot;Segoe UI Symbol&quot;, &quot;Noto Color Emoji&quot;;\">Kylian Mbappe muốn tống khứ Neymar vì những đặc quyền mà tiền đạo này được nhận ở PSG. Trong lúc mối quan hệ giữa 2 ngôi sao đắt giá này trở nên căng thẳng, Lionel Messi phải đứng ra làm người hòa giải.</div><div class=\"article__body cms-body\" itemprop=\"articleBody\" style=\"font-size: 18px; line-height: 1.5; color: rgb(52, 58, 64); font-family: arial, -apple-system, BlinkMacSystemFont, &quot;Segoe UI&quot;, Roboto, &quot;Helvetica Neue&quot;, Arial, sans-serif, &quot;Apple Color Emoji&quot;, &quot;Segoe UI Emoji&quot;, &quot;Segoe UI Symbol&quot;, &quot;Noto Color Emoji&quot;;\"><table class=\"picture\" align=\"center\" style=\"margin-top: 2.4rem; text-align: center; width: 659px; max-width: 659px;\"><tbody><tr><td class=\"pic\"><a class=\"photo\" href=\"https://photo-cms-tpo.zadn.vn/w1000/Uploaded/2022/neg-olyrlys/2022_09_29/neymar-mbappe-8547.jpg\" data-desc=\"Neymar và Mbappe bằng mặt nhưng không bằng lòng\" data-index=\"0\" style=\"color: rgb(165, 10, 2); transition: all 0.1s ease-in-out 0s;\"><img data-image-id=\"3329511\" src=\"https://photo-cms-tpo.zadn.vn/w645/Uploaded/2022/neg-olyrlys/2022_09_29/neymar-mbappe-8547.jpg\" data-width=\"1024\" data-height=\"683\" data-photo-original-src=\"\" cms-photo-caption=\"Neymar và Mbappe bằng mặt nhưng không bằng lòng\" class=\"cms-photo lazyloaded\" data-src=\"https://photo-cms-tpo.zadn.vn/w645/Uploaded/2022/neg-olyrlys/2022_09_29/neymar-mbappe-8547.jpg\" alt=\"Bí mật PSG: Mbappe muốn tống khứ Neymar, Messi đứng ra hòa giải ảnh 1\" style=\"max-width: 100%; width: auto;\"></a></td></tr><tr><td class=\"caption\" style=\"font-size: 1.5rem; color: rgb(108, 117, 125); padding-top: 0.8rem;\"><p style=\"margin-right: auto; margin-bottom: 0px; margin-left: auto;\">Neymar và Mbappe bằng mặt nhưng không bằng lòng</p></td></tr></tbody></table><p style=\"margin: 1.6rem auto 0px;\">Mâu thuẫn giữa Kylian Mbappe và Neymar đã bùng phát ngay ở trận ra quân của PSG ở mùa giải này. Cho dù PSG đại thắng 5-0 trước Montpellier, nhưng Mbappe và Neymar đã gầm gừ nhau như kẻ thù. Ở trận đấu đó, tiền đạo người Pháp bất ngờ tranh quyền đá phạt 11m của Neymar và sút hỏng. Sau tình huống này, PSG hưởng thêm 1 quả phạt đền khác và Neymar thực hiện thành công.</p><p style=\"margin: 1.6rem auto 0px;\">Theo tiết lộ mới nhất của tờ L\'Equipe, Mbappe là một trong những người ủng hộ PSG bán Neymar ở mùa hè vừa qua. Tiền đạo người Pháp cảm thấy ức chế vì sự tự do mà Neymar có trong những mùa giải trước đó. Anh cho rằng sự vô kỷ luật của ngôi sao người Brazil ảnh hưởng xấu đến phần còn lại của mùa giải.</p><p style=\"margin: 1.6rem auto 0px;\">Ở hướng ngược lại, Neymar được mô tả là “cực kỳ ngạc nhiên” khi PSG đồng ý trao quyền lực cho Mbappe nhiều hơn một cầu thủ thông thường. Trong nỗ lực giữ chân Mbappe, PSG không chỉ trả lương tiền đạo này cao hơn Neymar, Messi mà còn chấp nhận cho anh tham gia vào các vấn đề chuyên môn của đội bóng.</p><p style=\"margin: 1.6rem auto 0px;\">Sự thù địch với Mbappe được xem là lý do thúc đẩy Neymar tỏa sáng rực rỡ ở mùa này. Trong 11 trận đấu đã qua, Neymar ghi tổng cộng 11 bàn thắng và kiến tạo 8 bàn khác cho PSG. Thái độ và sự tự cao của Mbappe khiến số 10 người Brazil muốn chứng tỏ bản thân hơn bao giờ hết. Tuy nhiên, điều này vô tình càng đào sâu mâu thuẫn giữa hai người.</p><p style=\"margin: 1.6rem auto 0px;\">Hiện tại, Mbappe và Neymar chỉ bằng mặt chứ không bằng lòng với nhau ở PSG. Cũng theo L\'Equipe, Messi đã phải đưa ra làm trung gian hòa giải 2 người đồng đội, qua đó đảm bảo mùa giải của PSG đi đúng hướng.</p></div>', 0, 3, '2022-09-29 13:33:52', '2022-09-29 13:33:52'),
(14, 'HLV của Pau FC nêu lý do ít dùng Quang Hải', 'HLV D.Tholot xác nhận rằng việc thay đổi chiến thuật khiến cơ hội ra sân của Quang Hải tại Pau FC bị ảnh hưởng', 'pau-fc-673830.jpg', 'HLV Didier Tholot xác nhận rằng việc ông thay đổi chiến thuật đang khiến cơ hội ra sân của Quang Hải tại Pau FC bị ảnh hưởng. Nhưng theo ông, đây là điều nên làm để \"giữ sự cân bằng cho đội bóng\".<div class=\"article__body cms-body\" itemprop=\"articleBody\" style=\"font-size: 18px; line-height: 1.5; color: rgb(52, 58, 64); font-family: arial, -apple-system, BlinkMacSystemFont, \" segoe=\"\" ui\",=\"\" roboto,=\"\" \"helvetica=\"\" neue\",=\"\" arial,=\"\" sans-serif,=\"\" \"apple=\"\" color=\"\" emoji\",=\"\" \"segoe=\"\" ui=\"\" symbol\",=\"\" \"noto=\"\" emoji\";\"=\"\"><table class=\"picture\" align=\"center\" style=\"margin-top: 2.4rem; text-align: center; width: 659px; max-width: 659px;\"><tbody><tr><td class=\"pic\"><a class=\"photo\" href=\"https://photo-cms-tpo.zadn.vn/w1000/Uploaded/2022/lzwlzsg-eafzljmgfy/2022_09_29/pau-fc-6738.jpg\" data-desc=\"HLV của Pau FC nêu lý do ít dùng Quang Hải\" data-index=\"0\" style=\"color: rgb(165, 10, 2); transition: all 0.1s ease-in-out 0s;\"><img data-image-id=\"3328386\" src=\"https://photo-cms-tpo.zadn.vn/w645/Uploaded/2022/lzwlzsg-eafzljmgfy/2022_09_29/pau-fc-6738.jpg\" data-width=\"1000\" data-height=\"625\" data-photo-original-src=\"\" cms-photo-caption=\"\" class=\"cms-photo lazyloaded\" data-src=\"https://photo-cms-tpo.zadn.vn/w645/Uploaded/2022/lzwlzsg-eafzljmgfy/2022_09_29/pau-fc-6738.jpg\" alt=\"HLV của Pau FC nêu lý do ít dùng Quang Hải ảnh 1\" style=\"max-width: 100%; width: auto;\"></a></td></tr></tbody></table><p style=\"margin: 1.6rem auto 0px; text-align: justify;\">Các giải đấu hàng đầu châu Âu sắp trở lại và lúc này, sự tập trung của NHM Việt Nam bắt đầu dồn về phía&nbsp;<a href=\"https://tienphong.vn/post-1471351.tpo\" title=\"Đồng đội của Quang Hải bị từ chối cơ hội sát cánh cùng Mane vì lý do phũ phàng \" style=\"color: rgb(165, 10, 2); transition: all 0.1s ease-in-out 0s;\">Pau FC</a>, CLB nơi&nbsp;<a href=\"https://tienphong.vn/post-1470984.tpo\" title=\"Lời giải cho \'bài toán Quang Hải\' của thầy Park\" style=\"color: rgb(165, 10, 2); transition: all 0.1s ease-in-out 0s;\">Quang Hải</a>&nbsp;đang khoác áo. Trước khi cùng các học trò gặp đội bóng mạnh Metz vào rạng sáng Chủ nhật này, ông Didier Tholot đã có những chia sẻ về tiền vệ ĐT Việt Nam trên tờ<em>&nbsp;La République des Pyrenees.</em></p><p style=\"margin: 1.6rem auto 0px; text-align: justify;\">\"Có hai yếu tố ảnh hưởng đến cơ hội ra sân của Quang Hải\", ông Tholot thẳng thắn nói. \"Đầu tiên là việc tôi đổi sơ đồ, thay đổi chiến thuật áp dụng và đúng là điều đó không có lợi cho cậu ấy. Nhưng sau đó, chúng ta phải thấy có sự khác biệt về tốc độ và sự quyết liệt giữa các trận đấu của&nbsp;<a href=\"https://tienphong.vn/post-1471690.tpo\" title=\"Báo Pháp viết về trận đấu của ĐT Việt Nam: \'Quang Hải lại dự bị\'\" style=\"color: rgb(165, 10, 2); transition: all 0.1s ease-in-out 0s;\">Việt Nam và Ligue 2</a>\".</p><p style=\"margin: 1.6rem auto 0px; text-align: justify;\">Quang Hải có tố chất. Cậu ấy đặc biệt giỏi ở những đường chuyền quyết định, nhưng điều đó vẫn là không đủ ở một quốc gia có nền bóng đá mạnh hàng đầu châu Âu. Nếu muốn tạo ra tầm ảnh hưởng ở châu Á, tôi sẽ chọn Quang Hải. Còn lúc này, tôi phải ưu tiên cho sự cân bằng của đội bóng”.</p><table class=\"picture\" align=\"center\" style=\"margin-top: 2.4rem; text-align: center; width: 659px; max-width: 659px;\"><tbody><tr><td class=\"pic\"><a class=\"photo\" href=\"https://photo-cms-tpo.zadn.vn/w1000/Uploaded/2022/lzwlzsg-eafzljmgfy/2022_09_29/an-do-1116.jpg\" data-desc=\"HLV Tholot cho rằng các trận đấu ở Việt Nam khó có thể bằng Ligue 2 về tốc độ\" data-index=\"1\" style=\"color: rgb(165, 10, 2); transition: all 0.1s ease-in-out 0s;\"><img data-image-id=\"3328380\" src=\"https://photo-cms-tpo.zadn.vn/w645/Uploaded/2022/lzwlzsg-eafzljmgfy/2022_09_29/an-do-1116.jpg\" data-width=\"1230\" data-height=\"742\" data-photo-original-src=\"\" cms-photo-caption=\"HLV Tholot cho rằng các trận đấu ở Việt Nam khó có thể bằng Ligue 2 về tốc độ\" class=\"cms-photo lazyloaded\" data-src=\"https://photo-cms-tpo.zadn.vn/w645/Uploaded/2022/lzwlzsg-eafzljmgfy/2022_09_29/an-do-1116.jpg\" alt=\"HLV của Pau FC nêu lý do ít dùng Quang Hải ảnh 2\" style=\"max-width: 100%; width: auto;\"></a></td></tr><tr><td class=\"caption\" style=\"font-size: 1.5rem; color: rgb(108, 117, 125); padding-top: 0.8rem;\"><p style=\"margin-right: auto; margin-bottom: 0px; margin-left: auto;\">HLV Tholot cho rằng các trận đấu ở Việt Nam khó có thể bằng Ligue 2 về tốc độ</p></td></tr></tbody></table><p style=\"margin: 1.6rem auto 0px; text-align: justify;\">Thực sự, HLV Tholot đang cho thấy mình đúng. 4 trận gần nhất khi đội bóng của ông bất bại để bứt ra khỏi nhóm rớt hạng là 4 trận đấu Quang Hải hầu như không ra sân nhiều. Nhưng ông vẫn khích lệ tinh thần cậu học trò người Việt Nam, đồng thời lên dây cót cho toàn đội trước giờ trở lại Ligue 2 để tiếp tục hành trình trụ hạng đầy khắc nghiệt.</p><p style=\"margin: 1.6rem auto 0px; text-align: justify;\">\"Tôi vẫn tin Quang Hải sẽ giúp chúng tôi thắng các trận đấu trong thời gian tới. Thực sự, tôi không cảm thấy áp lực gì với cậu ấy cả. Còn các trận đấu vừa qua, tôi vẫn cảm thấy tức giận bởi những gì các cầu thủ đã thể hiện. Chúng tôi đã có những tình huống để kết thúc trận đấu (gặp Valenciennes) nhưng cuối cùng, ở thế 11 chống 10 mà chúng tôi vẫn bị ép.</p><p style=\"margin: 1.6rem auto 0px; text-align: justify;\">Chúng tôi phải có khả năng kiểm soát trận đấu tốt hơn để giành thêm những điểm số. Kết quả là tốt, nhưng đó không phải là cách tốt nhất. Tôi rất vui vì đội đã giành được 8 điểm trong 4 trận gần nhất, giành chiến thắng và vượt ra khỏi khu vực cầm đèn đỏ. Nhưng chúng tôi vẫn có khả năng làm được nhiều hơn thế”.</p></div>', 0, 3, '2022-09-29 13:35:18', '2022-09-29 14:08:59');
INSERT INTO `baiviet` (`id`, `tieu_de`, `gioi_thieu`, `anh_gioi_thieu`, `noi_dung`, `trang_thai`, `danhmuc_id`, `created_at`, `updated_at`) VALUES
(15, 'BTR-4E - ‘Kẻ hủy diệt’ hệ thống tác chiến điện tử của Nga ở Ukraine', 'Ukraine đưa tin lực lượng vũ trang nước này phá hủy hệ thống tác chiến điện tử R-330Zh Zhitel của Nga', 'b1-580457.jpg', 'Truyền thông Ukraine đưa tin lực lượng vũ trang nước này phá hủy hệ thống tác chiến điện tử R-330Zh Zhitel của Nga ở khu vực Kharkiv. Và xe bọc thép BTR-4E của Ukraine được tuyên bố \"làm nên kỳ tích này\".<div class=\"article__body cms-body\" itemprop=\"articleBody\" style=\"font-size: 18px; line-height: 1.5; color: rgb(52, 58, 64); font-family: arial, -apple-system, BlinkMacSystemFont, \" segoe=\"\" ui\",=\"\" roboto,=\"\" \"helvetica=\"\" neue\",=\"\" arial,=\"\" sans-serif,=\"\" \"apple=\"\" color=\"\" emoji\",=\"\" \"segoe=\"\" ui=\"\" symbol\",=\"\" \"noto=\"\" emoji\";\"=\"\"><p style=\"margin: 1.6rem auto 0px; text-align: justify;\">Trang tin&nbsp;<em>Defence Express</em>&nbsp;đã đăng tải một đoạn video ghi lại khoảnh khắc xe bọc thép BTR-4E bắn hạ hệ thống tác chiến điện tử của Nga bằng khẩu pháo 30 mm được trang bị trên xe.</p><p style=\"margin: 1.6rem auto 0px; text-align: justify;\">Lực lượng Nga tại Ukraine chưa đưa ra bình luận về thông tin trên.</p><p style=\"margin: 1.6rem auto 0px; text-align: justify;\">BTR-4 là loại xe bọc thép chở quân do Ukraine phát triển và chế tạo đầu những năm 2000, được thiết kế với nhiệm vụ vận chuyển binh sĩ các đơn vị bộ binh cơ giới cũng như chi viện hoả lực. Ngoài ra, BTR-4 còn được trang bị cho các lực lượng đặc nhiệm phản ứng nhanh và lính thuỷ đánh bộ, có thể hoạt động cả ngày lẫn đêm trong mọi điều kiện thời tiết.</p><table class=\"picture\" align=\"center\" style=\"margin-top: 2.4rem; text-align: center; width: 659px; max-width: 659px;\"><tbody><tr><td class=\"pic\"><a class=\"photo\" href=\"https://photo-cms-tpo.zadn.vn/w1000/Uploaded/2022/rik-fjncwcvjntc/2022_09_28/b1-5804.jpg\" data-desc=\"BTR-4E do Ukraine sản xuất. Ảnh: armyrecognition\" data-index=\"0\" style=\"color: rgb(165, 10, 2); transition: all 0.1s ease-in-out 0s;\"><img data-image-id=\"3327812\" src=\"https://photo-cms-tpo.zadn.vn/w645/Uploaded/2022/rik-fjncwcvjntc/2022_09_28/b1-5804.jpg\" data-width=\"925\" data-height=\"617\" data-photo-original-src=\"\" cms-photo-caption=\"BTR-4E do Ukraine sản xuất. Ảnh: armyrecognition\" class=\"cms-photo lazyloaded\" data-src=\"https://photo-cms-tpo.zadn.vn/w645/Uploaded/2022/rik-fjncwcvjntc/2022_09_28/b1-5804.jpg\" alt=\"BTR-4E - ‘Kẻ hủy diệt’ hệ thống tác chiến điện tử của Nga ở Ukraine ảnh 1\" style=\"max-width: 100%; width: auto;\"></a></td></tr><tr><td class=\"caption\" style=\"font-size: 1.5rem; color: rgb(108, 117, 125); padding-top: 0.8rem;\"><p style=\"margin-right: auto; margin-bottom: 0px; margin-left: auto;\">BTR-4E do Ukraine sản xuất. Ảnh: armyrecognition</p></td></tr></tbody></table><p style=\"margin: 1.6rem auto 0px; text-align: justify;\">BTR-4E là biến thể hiện đại của dòng xe này, có trọng lượng tối đa lên đến 22,4 tấn, chiều dài xe 7,87 m; chiều rộng 2,96 m, chiều cao 3.05 m. Thiết kế của BTR-4E được chia thành ba khoang với ghế lái và chỉ huy ở phía trước, động cơ ở giữa và khoang chở quân ở phía sau. Với kíp lái 3 người, BTR-4E có thể chở theo 10 binh sĩ được trang bị vũ khí đầy đủ.</p><table class=\"picture\" align=\"center\" style=\"margin-top: 2.4rem; text-align: center; width: 659px; max-width: 659px;\"><tbody><tr><td class=\"pic\"><a class=\"photo\" href=\"https://photo-cms-tpo.zadn.vn/w1000/Uploaded/2022/rik-fjncwcvjntc/2022_09_28/b2-159.jpg\" data-desc=\"Bản vẽ mô phỏng BTR-4E. Ảnh: armyrecognition\" data-index=\"1\" style=\"color: rgb(165, 10, 2); transition: all 0.1s ease-in-out 0s;\"><img data-image-id=\"3327811\" src=\"https://photo-cms-tpo.zadn.vn/w645/Uploaded/2022/rik-fjncwcvjntc/2022_09_28/b2-159.jpg\" data-width=\"925\" data-height=\"289\" data-photo-original-src=\"\" cms-photo-caption=\"Bản vẽ mô phỏng BTR-4E. Ảnh: armyrecognition\" class=\"cms-photo lazyloaded\" data-src=\"https://photo-cms-tpo.zadn.vn/w645/Uploaded/2022/rik-fjncwcvjntc/2022_09_28/b2-159.jpg\" alt=\"BTR-4E - ‘Kẻ hủy diệt’ hệ thống tác chiến điện tử của Nga ở Ukraine ảnh 2\" style=\"max-width: 100%; width: auto;\"></a></td></tr><tr><td class=\"caption\" style=\"font-size: 1.5rem; color: rgb(108, 117, 125); padding-top: 0.8rem;\"><p style=\"margin-right: auto; margin-bottom: 0px; margin-left: auto;\">Bản vẽ mô phỏng BTR-4E. Ảnh: armyrecognition</p></td></tr></tbody></table><p style=\"margin: 1.6rem auto 0px; text-align: justify;\">BTR-4E được đặt trên khung gầm 8x8 với hệ thống treo độc lập, hộp số cơ khí thủy lực tự động. Xe sử dụng động cơ diesel Deutz EBPO III có công suất 600 mã lực cho phép nó chạy với tốc độ tối đa lên tới 110 km/h và tầm hoạt động khoảng 700 km.</p><table class=\"picture\" align=\"center\" style=\"margin-top: 2.4rem; text-align: center; width: 659px; max-width: 659px;\"><tbody><tr><td class=\"pic\"><a class=\"photo\" href=\"https://photo-cms-tpo.zadn.vn/w1000/Uploaded/2022/rik-fjncwcvjntc/2022_09_28/b3-430.jpg\" data-desc=\"BTR-4E có khả năng lội nước hoàn toàn bằng các chân vịt gắn ở phía sau thân tàu. Ảnh: armyrecognition\" data-index=\"2\" style=\"color: rgb(165, 10, 2); transition: all 0.1s ease-in-out 0s;\"><img data-image-id=\"3327810\" src=\"https://photo-cms-tpo.zadn.vn/w645/Uploaded/2022/rik-fjncwcvjntc/2022_09_28/b3-430.jpg\" data-width=\"925\" data-height=\"617\" data-photo-original-src=\"\" cms-photo-caption=\"BTR-4E có khả năng lội nước hoàn toàn bằng các chân vịt gắn ở phía sau thân tàu. Ảnh: armyrecognition\" class=\"cms-photo lazyloaded\" data-src=\"https://photo-cms-tpo.zadn.vn/w645/Uploaded/2022/rik-fjncwcvjntc/2022_09_28/b3-430.jpg\" alt=\"BTR-4E - ‘Kẻ hủy diệt’ hệ thống tác chiến điện tử của Nga ở Ukraine ảnh 3\" style=\"max-width: 100%; width: auto;\"></a></td></tr><tr><td class=\"caption\" style=\"font-size: 1.5rem; color: rgb(108, 117, 125); padding-top: 0.8rem;\"><p style=\"margin-right: auto; margin-bottom: 0px; margin-left: auto;\">BTR-4E có khả năng lội nước hoàn toàn bằng các chân vịt gắn ở phía sau thân tàu. Ảnh: armyrecognition</p></td></tr></tbody></table><p style=\"margin: 1.6rem auto 0px; text-align: justify;\">Xe có khả năng leo dốc 60%, vượt qua chướng ngại vật thẳng đứng là 0,6m và rãnh dài 2m. BTR-4E cũng có thể bơi trong nước tốc độ khoảng 10 km/h.</p><table class=\"picture\" align=\"center\" style=\"margin-top: 2.4rem; text-align: center; width: 659px; max-width: 659px;\"><tbody><tr><td class=\"pic\"><a class=\"photo\" href=\"https://photo-cms-tpo.zadn.vn/w1000/Uploaded/2022/rik-fjncwcvjntc/2022_09_28/b4-8661.jpg\" data-desc=\"Cận cảnh trạm vũ khí ZTM-1 30mm của BTR-4E. Ảnh: armyrecognition\" data-index=\"3\" style=\"color: rgb(165, 10, 2); transition: all 0.1s ease-in-out 0s;\"><img data-image-id=\"3327809\" src=\"https://photo-cms-tpo.zadn.vn/w645/Uploaded/2022/rik-fjncwcvjntc/2022_09_28/b4-8661.jpg\" data-width=\"925\" data-height=\"617\" data-photo-original-src=\"\" cms-photo-caption=\"Cận cảnh trạm vũ khí ZTM-1 30mm của BTR-4E. Ảnh: armyrecognition\" class=\"cms-photo lazyloaded\" data-src=\"https://photo-cms-tpo.zadn.vn/w645/Uploaded/2022/rik-fjncwcvjntc/2022_09_28/b4-8661.jpg\" alt=\"BTR-4E - ‘Kẻ hủy diệt’ hệ thống tác chiến điện tử của Nga ở Ukraine ảnh 4\" style=\"max-width: 100%; width: auto;\"></a></td></tr><tr><td class=\"caption\" style=\"font-size: 1.5rem; color: rgb(108, 117, 125); padding-top: 0.8rem;\"><p style=\"margin-right: auto; margin-bottom: 0px; margin-left: auto;\">Cận cảnh trạm vũ khí ZTM-1 30mm của BTR-4E. Ảnh: armyrecognition</p></td></tr></tbody></table><p style=\"margin: 1.6rem auto 0px; text-align: justify;\">BTR-4E được trang bị nhiều loại vũ khí, với hỏa lực chính được lắp trên tháp là một khẩu pháo tự động ZTM-1 30mm. Vũ khí thứ hai của tháp pháo bao gồm một súng máy KT hoặc PKT 7,62mm; một súng phóng lựu tự động AG-17 30mm được gắn ở bên trái của vũ khí chính.</p><table class=\"picture\" align=\"center\" style=\"margin-top: 2.4rem; text-align: center; width: 659px; max-width: 659px;\"><tbody><tr><td class=\"pic\"><a class=\"photo\" href=\"https://photo-cms-tpo.zadn.vn/w1000/Uploaded/2022/rik-fjncwcvjntc/2022_09_28/b5-9878.jpg\" data-desc=\"Buồng lái và điều khiển của BTR-4E. Ảnh: armyrecognition\" data-index=\"4\" style=\"color: rgb(165, 10, 2); transition: all 0.1s ease-in-out 0s;\"><img data-image-id=\"3327808\" src=\"https://photo-cms-tpo.zadn.vn/w645/Uploaded/2022/rik-fjncwcvjntc/2022_09_28/b5-9878.jpg\" data-width=\"925\" data-height=\"617\" data-photo-original-src=\"\" cms-photo-caption=\"Buồng lái và điều khiển của BTR-4E. Ảnh: armyrecognition\" class=\"cms-photo lazyloaded\" data-src=\"https://photo-cms-tpo.zadn.vn/w645/Uploaded/2022/rik-fjncwcvjntc/2022_09_28/b5-9878.jpg\" alt=\"BTR-4E - ‘Kẻ hủy diệt’ hệ thống tác chiến điện tử của Nga ở Ukraine ảnh 5\" style=\"max-width: 100%; width: auto;\"></a></td></tr><tr><td class=\"caption\" style=\"font-size: 1.5rem; color: rgb(108, 117, 125); padding-top: 0.8rem;\"><p style=\"margin-right: auto; margin-bottom: 0px; margin-left: auto;\">Buồng lái và điều khiển của BTR-4E. Ảnh: armyrecognition</p></td></tr></tbody></table><p style=\"margin: 1.6rem auto 0px; text-align: justify;\">Ngoài ra, xe bọc thép cũng được trang bị thêm một số phụ kiện khác như hệ thống sưởi, thiết bị quan sát và ngắm mục tiêu ban đêm, hệ thống dập lửa tự động, hệ thống trượt lốp trung tâm,...</p></div>', 0, 2, '2022-09-29 13:37:44', '2022-09-29 14:08:17'),
(16, 'Sau trưng cầu dân ý, Mỹ chuẩn bị công bố gói vũ khí mới cho Ukraine', 'Các quan chức Mỹ cho biết Washington đang chuẩn bị công bố gói vũ khí trị giá 1,1 tỷ USD cho Kiev', 'screen-shot-2022-09-28-at-80705-am-368982.png', 'Các quan chức Mỹ cho biết Washington đang chuẩn bị công bố gói vũ khí trị giá 1,1 tỷ USD cho Kiev, sau khi cuộc trưng cầu dân ý được tổ chức tại 4 tỉnh của Ukraine để sáp nhập vào Nga.<div class=\"article__body cms-body\" itemprop=\"articleBody\" style=\"font-size: 18px; line-height: 1.5; color: rgb(52, 58, 64); font-family: arial, -apple-system, BlinkMacSystemFont, \" segoe=\"\" ui\",=\"\" roboto,=\"\" \"helvetica=\"\" neue\",=\"\" arial,=\"\" sans-serif,=\"\" \"apple=\"\" color=\"\" emoji\",=\"\" \"segoe=\"\" ui=\"\" symbol\",=\"\" \"noto=\"\" emoji\";\"=\"\"><table class=\"picture\" align=\"center\" style=\"margin-top: 2.4rem; text-align: center; width: 659px; max-width: 659px;\"><tbody><tr><td class=\"pic\"><a class=\"photo\" href=\"https://photo-cms-tpo.zadn.vn/w1000/Uploaded/2022/aobsvhu/2022_09_28/screen-shot-2022-09-28-at-80705-am-3689.png\" data-desc=\"Một hệ thống lựu pháo HIMARS\" data-index=\"0\" style=\"color: rgb(165, 10, 2); transition: all 0.1s ease-in-out 0s;\"><img data-image-id=\"3326975\" src=\"https://photo-cms-tpo.zadn.vn/w645/Uploaded/2022/aobsvhu/2022_09_28/screen-shot-2022-09-28-at-80705-am-3689.png\" data-width=\"843\" data-height=\"460\" data-photo-original-src=\"\" cms-photo-caption=\"Một hệ thống lựu pháo HIMARS\" class=\"cms-photo lazyloaded\" data-src=\"https://photo-cms-tpo.zadn.vn/w645/Uploaded/2022/aobsvhu/2022_09_28/screen-shot-2022-09-28-at-80705-am-3689.png\" alt=\"Sau trưng cầu dân ý, Mỹ chuẩn bị công bố gói vũ khí mới cho Ukraine ảnh 1\" style=\"max-width: 100%; width: auto;\"></a></td></tr><tr><td class=\"caption\" style=\"font-size: 1.5rem; color: rgb(108, 117, 125); padding-top: 0.8rem;\"><p style=\"margin-right: auto; margin-bottom: 0px; margin-left: auto;\">Một hệ thống lựu pháo HIMARS</p></td></tr></tbody></table><p style=\"margin: 1.6rem auto 0px;\">Gói viện trợ này sẽ là lô vũ khí mới nhất Mỹ dành cho Ukraine, khi cuộc xung đột chuyển sang giai đoạn mới. Các quan chức giấu tên của Mỹ cho biết gói mới sẽ được công bố trong vài ngày tới.</p><p style=\"margin: 1.6rem auto 0px;\">Tiền dành cho lô này sẽ được lấy từ Sáng kiến Hỗ trợ an ninh Ukraine mà Quốc hội Mỹ đã thông qua, để cho phép chính quyền của Tổng thống Joe Biden mua sắm vũ khí từ các hãng quốc phòng, thay vì sử dụng kho vũ khí hiện có của Mỹ.</p><p style=\"margin: 1.6rem auto 0px;\">Gói mới sẽ bao gồm các hệ thống lựu pháo HIMARS, bao gồm đạn dược, nhiều hệ thống chống máy bay không người lái và radar, cùng với linh kiện, hỗ trợ kỹ thuật và huấn luyện,&nbsp;<i>Reuters</i>&nbsp;dẫn nguồn tin nắm được kế hoạch cho biết.</p><p style=\"margin: 1.6rem auto 0px;\">Washington đang chuẩn bị một gói trừng phạt mới với Mátxcơva nếu 4 tỉnh của Ukraine vừa tổ chức&nbsp;<a href=\"https://tienphong.vn/post-1473267.tpo\" style=\"color: rgb(165, 10, 2); transition: all 0.1s ease-in-out 0s;\">trưng cầu dân ý sáp nhập vào Nga</a>.</p><p style=\"margin: 1.6rem auto 0px;\">Tổng thống Biden chỉ trích các cuộc trưng cầu dân ý này và tuyên bố Mỹ sẽ không bao giờ công nhận kết quả.</p><p style=\"margin: 1.6rem auto 0px;\">Mỹ đến nay đã cung cấp hơn 15 tỷ USD viện trợ quân sự cho Ukraine kể từ khi cuộc xung đột bùng phát hồi tháng 2.</p></div>', 0, 2, '2022-09-29 13:38:46', '2022-09-29 14:07:36'),
(17, 'Ngày Việt Nam tại Áo 2022 gây chú ý với bạn bè quốc tế', 'Chương trình Ngày Việt Nam tại Áo 2022 do Vụ Ngoại giao Văn hoá và UNESCO, Bộ Ngoại giao chủ trì tổ chức', '166436655810966.jpg', '<p>Chương trình&nbsp;<a href=\"https://laodong.vn/van-hoa/ngay-viet-nam-o-nuoc-ngoai-2022-se-co-nhieu-hoat-dong-dac-sac-1096563.ldo\" title=\"Ngày Việt Nam\" target=\"_self\" style=\"color: rgb(59, 89, 152);\">Ngày Việt Nam</a>&nbsp;tại Áo 2022 do Vụ Ngoại giao Văn hoá và UNESCO, Bộ Ngoại giao chủ trì tổ chức từ ngày 28 đến 29.9&nbsp;tại Thủ đô Viên (Áo).</p><div id=\"gallery-ctt\" class=\"art-body\" style=\"font-size: 1.1rem; line-height: 1.65rem; color: rgb(76, 73, 71); margin-bottom: 30px; font-family: Roboto, sans-serif; background-color: rgb(252, 253, 254);\"><figure class=\"insert-center-image\" style=\"margin-top: unset; margin-right: unset; margin-bottom: 20px; margin-left: unset; position: relative;\"><img src=\"https://media-cdn-v2.laodong.vn/storage/newsportal/2022/9/29/1098802/1664366558109.jpg\" alt=\"Ngày Việt Nam tại Áo 2022 gây chú ý với bạn bè quốc tế\" style=\"position: relative; display: block; color: transparent; overflow: hidden; width: 100%; margin-bottom: 0px; cursor: zoom-in;\"><figcaption class=\"image-caption\" style=\"font-size: 0.85em; line-height: 1.65em; font-style: italic; color: rgba(0, 0, 0, 0.7); padding-top: 5px; margin-bottom: 20px;\">Ngày Việt Nam tại Áo 2022 thu hút sự quan tâm của quan khách nước ngoài. Ảnh: BTC</figcaption></figure><p>Được biết, chương trình mở màn chuỗi sự kiện Ngày Việt Nam ở nước ngoài 2022 và là một trong những hoạt động quan trọng nhằm hướng tới&nbsp; kỷ niệm 50 năm thiết lập quan hệ ngoại giao Việt Nam - Áo (1.12.1972 – 1.12.2022).&nbsp;</p><p>Chương trình không chỉ góp phần thắt chặt quan hệ hữu nghị truyền thống và hợp tác nhiều mặt giữa hai quốc gia, mà còn là cơ hội thúc đẩy hợp tác kinh tế, thương mại và giới thiệu nét văn hoá độc đáo, đặc sắc của Việt Nam tới công chúng Áo.&nbsp;<br></p><p>Ngày Việt Nam tại Áo 2022 bao gồm 3 hoạt động chính: Không gian văn hóa Việt Nam tại Dinh Palffy Palais; Lễ kỷ niệm “50 năm thiết lập quan hệ ngoại giao Việt Nam – Áo\"; và Diễn đàn doanh nghiệp Việt Nam - Áo tại Phòng Thương mại Công nghiệp Áo.&nbsp;</p><p>Theo đó, không gian văn hóa Việt Nam đã mang đến cho người dân và cộng đồng người Việt Nam tại Áo cơ hội tìm hiểu về chặng đường 50 năm hình thành và phát triển quan hệ hai nước thông qua triển lãm 34 bức ảnh về các chuyến thăm của Lãnh đạo cấp cao hai bên.</p><figure class=\"insert-center-image\" style=\"margin-top: unset; margin-right: unset; margin-bottom: 20px; margin-left: unset; position: relative;\"><img src=\"https://media-cdn-v2.laodong.vn/Storage/NewsPortal/2022/9/29/1098802/IMG_7616.JPG\" alt=\"Ngày Việt Nam tại Áo 2022 là dịp để giới thiệu tới công chúng tại Áo, trong đó có cộng đồng người Việt Nam tại sở tại về hình ảnh một Việt Nam tươi đẹp, đậm đà bản sắc văn hóa dân tộc nhưng vô cùng mới mẻ, mạnh mẽ và giàu sức sống. Ảnh: BTC\" style=\"position: relative; display: block; color: transparent; overflow: hidden; width: 100%; margin-bottom: 0px; cursor: zoom-in;\"><figcaption class=\"image-caption\" style=\"font-size: 0.85em; line-height: 1.65em; font-style: italic; color: rgba(0, 0, 0, 0.7); padding-top: 5px; margin-bottom: 20px;\">Ngày Việt Nam tại Áo 2022 là dịp để giới thiệu tới công chúng tại Áo, trong đó có cộng đồng người Việt Nam tại sở tại về hình ảnh một Việt Nam tươi đẹp, đậm đà bản sắc văn hóa dân tộc nhưng vô cùng mới mẻ, mạnh mẽ và giàu sức sống. Ảnh: BTC</figcaption></figure><p>Với Lễ kỷ niệm 50 năm thiết lập quan hệ ngoại giao Việt Nam – Áo, khách mời được tham dự lễ thượng cờ và cử quốc ca hai nước theo phong cách Opera, điểm đặc biệt và hết sức độc đáo của chương trình, đồng thời được thưởng thức các tác phẩm âm nhạc tiêu biểu của hai nước, do dàn nhạc giao hưởng thuộc Học viện Âm nhạc Quốc gia Việt Nam và các nghệ sĩ Áo trình diễn.</p><p>Phát biểu tại Lễ kỷ niệm, Bộ trưởng Ngoại giao - Bùi Thanh Sơn cho biết: “Thế giới chúng ta đang sống hiện nay đang phải đối mặt với nhiều thách thức toàn cầu, ảnh hưởng mạnh&nbsp; mẽ đến an ninh và phát triển của mỗi nước chúng ta, như biến đổi khí hậu, an ninh lương thực, an ninh năng lượng…</p><p>Trong bối cảnh đó, tôi tin tưởng rằng Việt Nam và Áo sẽ phát huy những nền tảng quan hệ truyền thống tốt đẹp, tiếp tục tăng cường hợp tác trên cả bình diện song phương và đa phương...”.</p><p>Cũng trong lễ khai mạc Diễn đàn Doanh nghiệp Việt Nam - Áo, lãnh đạo các doanh nghiệp của Việt Nam và Áo đã cùng bàn luận về các vấn đề như tình hình hợp tác kinh tế, kinh doanh giữa Việt Nam - Áo và các cơ hội, thách thức trong giai đoạn tới; tình hình kinh tế vĩ mô Việt Nam và triển vọng quan hệ song phương Việt Nam – Áo…</p><figure class=\"insert-center-image\" style=\"margin-top: unset; margin-right: unset; margin-bottom: 20px; margin-left: unset; position: relative;\"><img src=\"https://media-cdn-v2.laodong.vn/Storage/NewsPortal/2022/9/29/1098802/IMG_7431-01.JPG\" alt=\"ại Không gian văn hoá Việt Nam, công chúng sẽ được tham gia trải nghiệm các loại hình nghệ thuật đặc sắc của Việt Nam như: nghệ thuật trà Việt, nghệ thuật làm tranh dân gian Đông Hồ, biểu diễn nghệ thuật tranh sơn mài, biểu diễn nhạc cụ dân tộc, trình diễn áo dài truyền thống Việt Nam…\" style=\"position: relative; display: block; color: transparent; overflow: hidden; width: 100%; margin-bottom: 0px; cursor: zoom-in;\"><figcaption class=\"image-caption\" style=\"font-size: 0.85em; line-height: 1.65em; font-style: italic; color: rgba(0, 0, 0, 0.7); padding-top: 5px; margin-bottom: 20px;\">Tại Không gian văn hoá Việt Nam đã giới thiệu đến quan khách quốc tế về&nbsp; một số loại hình nghệ thuật đặc sắc của Việt Nam như nghệ thuật trà Việt, nghệ thuật làm tranh dân gian Đông Hồ, biểu diễn nghệ thuật tranh sơn mài, biểu diễn nhạc cụ dân tộc, trình diễn áo dài truyền thống Việt Nam… Ảnh: BTC</figcaption></figure><p>Nối tiếp Ngày Việt Nam tại Áo 2022, Ngày Việt Nam tại&nbsp;<a href=\"https://laodong.vn/trang-quang-ninh/quang-ninh-la-noi-ly-tuong-cho-hop-tac-van-hoa-nghe-thuat-voi-an-do-820810.ldo\" title=\"Ấn Độ\" target=\"_self\" style=\"color: rgb(59, 89, 152);\">Ấn Độ</a>&nbsp;2022 dự kiến sẽ được tổ chức từ ngày 3 - 4.11 tại Thủ đô New Delhi nhân dịp kỷ niệm 50 năm thiết lập quan hệ ngoại giao Việt Nam - Ấn Độ.</p><p>Bắt đầu từ cuối tháng 11 đến đầu tháng 12, Ngày Việt Nam tại Hàn Quốc năm 2022 sẽ là các hoạt động cuối cùng kết thúc chuỗi chương trình Ngày Việt Nam ở nước ngoài 2022.</p><p>Ngày Việt Nam ở nước ngoài là chương trình quảng bá quốc gia thường niên được Thủ tướng Chính phủ giao cho Bộ Ngoại giao chủ trì tổ chức từ năm 2010.</p><p>Chương trình thường diễn ra bên lề các chuyến thăm chính thức của Lãnh đạo cấp cao Việt Nam tới các nước đối tác và nhận được sự tham gia, hưởng ứng rộng rãi của các địa phương, doanh nghiệp, cơ quan, tổ chức, bạn bè quốc tế và cộng đồng người Việt Nam ở nước ngoài</p></div>', 0, 8, '2022-09-29 13:47:31', '2022-09-29 14:07:01'),
(18, 'Giá cổ phiếu HYBE tụt dốc vì thông tin nghĩa vụ quân sự của BTS', 'Đây là lần đầu tiên cổ phiếu của HYBE giảm xuống dưới mức giá IPO.', 'BTS1200-193.jpeg', '<div class=\"chappeau\" style=\"font-size: 1.2rem; font-weight: bold; margin-bottom: 25px; font-family: Roboto, sans-serif; background-color: rgb(252, 253, 254);\"><p>Đây là lần đầu tiên&nbsp;<a href=\"https://laodong.vn/van-hoa-giai-tri/vuot-ive-va-bts-blackpink-dan-dau-bxh-danh-tieng-thuong-hieu-ca-si-thang-9-1096990.ldo\" title=\"cổ phiếu của HYBE\" target=\"_self\" style=\"color: rgb(59, 89, 152);\">cổ phiếu của HYBE</a>&nbsp;giảm xuống dưới mức giá IPO.</p></div><div id=\"gallery-ctt\" class=\"art-body\" style=\"font-size: 1.1rem; line-height: 1.65rem; color: rgb(76, 73, 71); margin-bottom: 30px; font-family: Roboto, sans-serif; background-color: rgb(252, 253, 254);\"><figure class=\"insert-center-image\" style=\"margin-top: unset; margin-right: unset; margin-bottom: 20px; margin-left: unset; position: relative;\"><img src=\"https://media-cdn-v2.laodong.vn/storage/newsportal/2022/9/29/1098769/BTS1200-1.jpeg\" alt=\"Giá cổ phiếu HYBE tụt dốc vì thông tin nghĩa vụ quân sự của BTS\" style=\"position: relative; display: block; color: transparent; overflow: hidden; width: 100%; margin-bottom: 0px; cursor: zoom-in;\"><figcaption class=\"image-caption\" style=\"font-size: 0.85em; line-height: 1.65em; font-style: italic; color: rgba(0, 0, 0, 0.7); padding-top: 5px; margin-bottom: 20px;\">Giá cổ phiểu HYBE tụt dốc vì thông tin nghĩa vụ quân sự của BTS. Ảnh: Bighit Music</figcaption></figure><p>Ngày 28.9, HYBE Co. ghi nhận mức giá cổ phiếu&nbsp;giảm 7,1% xuống mức 129.000 KRW (khoảng 90,70 USD),&nbsp;thấp hơn giá phát hành lần đầu ra công chúng (IPO) là 135.000 KRW (khoảng 94,90 USD). Điều này tương đương với việc HYBE vừa đánh mất một khoản tiền trị giá 10 tỉ USD (hơn 230 nghìn tỉ đồng)&nbsp;vào thời điểm đạt đỉnh hồi tháng 11 năm ngoái.</p><p>Đây là lần đầu tiên cổ phiếu của HYBE giảm xuống dưới giá IPO kể từ khi bắt đầu lên sàn giao dịch vào tháng 10.2020. Sau đó, giá cổ phiếu của HYBE tăng đều đặn cho đến khi đạt đỉnh vào ngày 18.11.2021 ở mức 419.000 KRW (khoảng 295 USD), ngay sau khi HYBE công bố các khoản đầu tư vào sàn giao dịch tiền điện tử,&nbsp;Dunamu,&nbsp;Inc.</p><p>Tuy nhiên, tháng 6.2022, cổ phiếu HYBE bắt đầu lao dốc sau thông báo&nbsp;<a href=\"https://laodong.vn/van-hoa-giai-tri/vuot-ive-va-bts-blackpink-dan-dau-bxh-danh-tieng-thuong-hieu-ca-si-thang-9-1096990.ldo\" title=\"nhóm nhạc toàn cầu BTS\" target=\"_self\" style=\"color: rgb(59, 89, 152);\">nhóm nhạc toàn cầu BTS</a>&nbsp;tạm ngưng hoạt động để đẩy mạnh các dự án solo của 7 thành viên. Cùng với đó là bê bối bạo lực học đường của Kim Garam, cựu thành viên nhóm nhạc nữ Lesserafim, hàng loạt nhà đầu tư đã rút vốn. Thời điểm đó, cổ phiếu của HYBE đã giảm 25%, mất giá trị vốn hóa thị trường là 2 nghìn tỉ KRW (khoảng 1,44 tỉ USD).</p><p>Đến tháng 8, giá trị cổ phiếu HYBE tăng trở lại, đạt 15,67% nhờ màn ra mắt thành công của nhóm nhạc nữ NewJeans.&nbsp;</p><p>Song đến đầu tháng 9 này, sau khi trải qua cuộc thăm dò ngắn, Bộ Quốc phòng đưa ra phát ngôn về việc khó có thể miễn nghĩa vụ quân sự cho BTS khiến các nhà đầu tư bắt đầu lo lắng về việc kiếm lời từ HYBE.</p><p>Các chuyên gia cho rằng, phần lớn nguồn lợi nhuận kiếm được của công ty là đến từ nhóm nhạc nam quốc dân. Việc các thành viên BTS nhập ngũ trong vòng 18 tháng sẽ khiến khoản đầu tư của họ gặp may rủi.</p><p>Bên cạnh đó, một số lại cho rằng HYBE có nhiều tiềm năng để phát triển vì đã thu mua kha khá công ty giải trí vừa và nhỏ. Mất BTS, HYBE sẽ chịu tổn thất lớn song sẽ nhanh chóng được phục hồi nhờ các hoạt động của những nghệ sĩ trẻ mới như NewJeans, TXT, Lesserafim...</p><figure class=\"insert-center-image\" style=\"margin-top: unset; margin-right: unset; margin-bottom: 20px; margin-left: unset; position: relative;\"><img src=\"https://media-cdn-v2.laodong.vn/Storage/NewsPortal/2022/9/29/1098769/1659967606-165870728.jpg\" alt=\"NewJeans hiện đang là “con át chủ bài” mới của HYBE\" style=\"position: relative; display: block; color: transparent; overflow: hidden; width: 100%; margin-bottom: 0px; cursor: zoom-in;\"><figcaption class=\"image-caption\" style=\"font-size: 0.85em; line-height: 1.65em; font-style: italic; color: rgba(0, 0, 0, 0.7); padding-top: 5px; margin-bottom: 20px;\">NewJeans hiện đang là “con át chủ bài” mới của HYBE</figcaption></figure><p>BTS là nhóm nhạc nam gồm 7 thành viên được thành lập vào năm 2013. Sau 9 năm ra mắt, BTS đã trở thành nhóm nhạc nổi tiếng toàn cầu, sở hữu nhiều kỷ lục vô tiền khoáng hậu cùng với cộng đồng fan hâm mộ (Army) đông đảo.</p><p>Không chỉ góp phần vào việc thúc đẩy nền văn hóa, âm nhạc Hàn Quốc, BTS còn được đánh giá là một trong những nhân tố đem về lợi nhuận kinh tế \"khủng\" cho xứ sở kim chi. Việc BTS phải nhập ngũ, trì hoãn hoạt động nhóm được cho là một tổn thất lớn tới nền văn hóa lẫn kinh tế Hàn Quốc.&nbsp;</p><p>Chính vì vậy, rất nhiều đề xuất về việc miễn nhập ngũ cho 7 thành viên đã được đem ra xét duyệt song đều chưa được thông qua. Nếu không có bất cứ thay đổi nào thì anh cả Jin (29 tuổi) sẽ là thành viên đầu tiên của nhóm lên đường tham gia nghĩa vụ quân sự.</p><figure class=\"insert-center-image\" style=\"margin-top: unset; margin-right: unset; margin-bottom: 20px; margin-left: unset; position: relative;\"><img src=\"https://media-cdn-v2.laodong.vn/Storage/NewsPortal/2022/9/29/1098769/2847196185482791916.jpg\" alt=\"BTS sở\" style=\"position: relative; display: block; color: transparent; overflow: hidden; width: 100%; margin-bottom: 0px; cursor: zoom-in;\"><figcaption class=\"image-caption\" style=\"font-size: 0.85em; line-height: 1.65em; font-style: italic; color: rgba(0, 0, 0, 0.7); padding-top: 5px; margin-bottom: 20px;\">Việc các thành viên BTS nhập ngũ sẽ ảnh hưởng lớn đến cổ phiếu HYBE. Ảnh: Bighit Music</figcaption></figure></div>', 0, 8, '2022-09-29 13:48:30', '2022-09-29 13:48:30'),
(19, 'Không chỉ Jennie, tài khoản Jisoo nhóm Blackpink cũng đang bị hack?', 'Người hâm mộ lo lắng, phải chăng Jisoo cũng đã bị hack tài khoản cá nhân?', '308309558_500739901837.jpg', '<div class=\"chappeau\" style=\"font-size: 1.2rem; font-weight: bold; margin-bottom: 25px; font-family: Roboto, sans-serif; background-color: rgb(252, 253, 254);\"><a title=\"Jisoo (Blackpink)\" href=\"https://laodong.vn/giai-tri/hang-nghin-nguoi-cho-doi-de-chiem-nguong-nhan-sac-jisoo-nhom-blackpink-1098229.ldo\" rel=\"external\" style=\"color: rgb(59, 89, 152);\">Jisoo (Blackpink)</a>&nbsp;đăng loạt ảnh cô sang Pháp dự Tuần lễ thời trang Paris. Trong đó có một tấm trùng với hình ảnh bị hacker (người lan truyền ảnh hẹn hò của Jennie - V) phát tán trước đó. Người hâm mộ lo lắng, phải chăng Jisoo cũng đã bị hack tài khoản cá nhân?</div><div id=\"gallery-ctt\" class=\"art-body\" style=\"font-size: 1.1rem; line-height: 1.65rem; color: rgb(76, 73, 71); margin-bottom: 30px; font-family: Roboto, sans-serif; background-color: rgb(252, 253, 254);\"><p>Ngày 27.9, Jisoo (Blackpink) đã có mặt tại Pháp để tham dự show diễn của nhà mốt Dior - thương hiệu cô làm đại sứ toàn cầu.&nbsp;</p><p>Mới đây, Jisoo đã chia sẻ lên tài khoản Instagram cá nhân loạt ảnh tự chụp bằng điện thoại khi cô chuẩn bị cho sự kiện Dior. Đáng chú ý, trong đó có một hình ảnh giống y hệt tấm ảnh bị tài khoản Twitter Gurumi Haribo phát tán sáng ngày 28.9.</p><figure class=\"insert-center-image\" style=\"margin-top: unset; margin-right: unset; margin-bottom: 20px; margin-left: unset; position: relative;\"><img src=\"https://media-cdn-v2.laodong.vn/Storage/NewsPortal/2022/9/28/1098544/308453080_7809903265.jpg\" alt=\"&nbsp;\" style=\"position: relative; display: block; color: transparent; overflow: hidden; width: 100%; margin-bottom: 0px; cursor: zoom-in;\"><figcaption class=\"image-caption\" style=\"font-size: 0.85em; line-height: 1.65em; font-style: italic; color: rgba(0, 0, 0, 0.7); padding-top: 5px; margin-bottom: 20px;\">&nbsp;Chiều 28.9, Jisoo (Blackpink) đăng hình ảnh trùng khớp với tấm ảnh bị hacker phát tán vào sáng cùng ngày. Ảnh: CMH.</figcaption></figure><figure class=\"insert-center-image\" style=\"margin-top: unset; margin-right: unset; margin-bottom: 20px; margin-left: unset; position: relative;\"><img src=\"https://media-cdn-v2.laodong.vn/Storage/NewsPortal/2022/9/28/1098544/308309558_5007399018.jpg\" alt=\"&nbsp;\" style=\"position: relative; display: block; color: transparent; overflow: hidden; width: 100%; margin-bottom: 0px; cursor: zoom-in;\"><figcaption class=\"image-caption\" style=\"font-size: 0.85em; line-height: 1.65em; font-style: italic; color: rgba(0, 0, 0, 0.7); padding-top: 5px; margin-bottom: 20px;\">&nbsp;Một số hình ảnh khác trong bài đăng của Jisoo chiều ngày 28.9 (giờ Việt Nam).</figcaption></figure><p>Gurumi Haribo là hacker đã lan truyền loạt ảnh hẹn hò được cho là của Jennie (Blackpink) và V (BTS).&nbsp;</p><p>Trong bài đăng sáng 28.9, Gurumi Haribo đăng tấm ảnh của Jisoo cùng nội dung: \"Tôi nghe nói Jisoo - người biết rõ sự thật là người thành thật và tốt bụng. Cô ấy không có bất kỳ mối quan hệ gì với Taehyung (V) cả, nhưng cô ấy có thể giúp chúng ta nhìn ra sự thật.&nbsp;</p><p>Vậy nên làm ơn, Jisoo, nếu bạn nhìn thấy tin nhắn này thì hãy đăng tấm ảnh đó lên. Đây là tín hiệu cho thấy bạn biết chuyện Jennie và V là thật nhưng bạn (cũng như nhiều người khác) không thể nói về nó\".</p><p>Ngay khi Jisoo đăng loạt ảnh, hacker đã chụp màn hình và viết vào nhóm chat: \"Cảm ơn Jisoo. Mọi điều tôi nói đều là sự thật. Giờ hãy chờ đến khi chúng ta thấy nhân vật Dyanne trong \"The Idol\".</p><figure class=\"insert-center-image\" style=\"margin-top: unset; margin-right: unset; margin-bottom: 20px; margin-left: unset; position: relative;\"><img src=\"https://media-cdn-v2.laodong.vn/Storage/NewsPortal/2022/9/28/1098544/Anh-Hen-Ho-1A.jpg\" alt=\"&nbsp;\" style=\"position: relative; display: block; color: transparent; overflow: hidden; width: 100%; margin-bottom: 0px; cursor: zoom-in;\"><figcaption class=\"image-caption\" style=\"font-size: 0.85em; line-height: 1.65em; font-style: italic; color: rgba(0, 0, 0, 0.7); padding-top: 5px; margin-bottom: 20px;\">&nbsp;Tài khoản Twitter&nbsp;Gurumi Haribo đã phát tán nhiều ảnh hẹn hò được cho là cặp đôi Jennie - V. Ảnh: CMH.</figcaption></figure><p>Trước đó, Gurumi cũng tiết lộ, Dyanne là tên nhân vật của Jennie trong phim \"The Idol\" và còn khẳng định đây là tin độc quyền của mình.</p><p>Động thái này của Gurumi khiến người hâm mộ lo lắng, phải chăng tài khoản hoặc bộ nhớ cá nhân của Jisoo cũng đã bị hack.&nbsp;</p><p>Hôm 2.9, truyền thông Hàn Quốc thông tin, nghi vấn đã có hacker xâm nhập vào tài khoản các thành viên Blackpink khi nhiều hình ảnh bị lan truyền ra ngoài, như ảnh của Lisa và Jisoo, Rosé và Jennie, Lisa và Jisoo.</p><figure class=\"insert-center-image\" style=\"margin-top: unset; margin-right: unset; margin-bottom: 20px; margin-left: unset; position: relative;\"><img src=\"https://media-cdn-v2.laodong.vn/Storage/NewsPortal/2022/9/28/1098544/305204199_1604742929.jpg\" alt=\"&nbsp;\" style=\"position: relative; display: block; color: transparent; overflow: hidden; width: 100%; margin-bottom: 0px; cursor: zoom-in;\"><figcaption class=\"image-caption\" style=\"font-size: 0.85em; line-height: 1.65em; font-style: italic; color: rgba(0, 0, 0, 0.7); padding-top: 5px; margin-bottom: 20px;\">&nbsp;Hình ảnh Jisoo và Lisa bị phát tán (trái) trùng khớp với trang phục Jisoo diện khi ở Nhật Bản (phải).</figcaption></figure><p>Sau đó, các fan phát hiện Jisoo thật sự đã mặc bộ váy và dùng ốp điện thoại giống như trong ảnh bị tiết lộ.</p><p>Vì vậy, khán giả nghi ngờ nhiều khả năng hacker xâm nhập tài khoản các thành viên Blackpink là cùng một người (người tung ảnh hẹn hò của Jennie - V).</p><p>Hiện tại, công ty quản lý YG Entertainment vẫn hoàn toàn im lặng. Người hâm mộ đang rất phẫn nộ, yêu cầu YG có cộng thái cứng rắn, nhờ sự can thiệp của pháp luật để bảo vệ quyền riêng tư của nghệ sĩ.</p></div>', 0, 8, '2022-09-29 13:50:12', '2022-09-29 13:50:12'),
(20, 'Lãi suất cho vay ngân hàng nào tốt nhất tháng 9.2022?', 'NHNN điều chỉnh lãi suất điều hành, xu hướng lãi suất huy động tăng, tạo áp lực lên lãi suất cho vay.', 'Ty-Gia-Ngoai-Te-Usd-30.jpeg', 'Sau khi Ngân hàng Nhà nước (NHNN) điều chỉnh lãi suất điều hành, xu hướng lãi suất huy động tăng, tạo áp lực lên lãi suất cho vay.&nbsp;<p></p><div id=\"gallery-ctt\" class=\"art-body\" style=\"font-size: 1.1rem; line-height: 1.65rem; color: rgb(76, 73, 71); margin-bottom: 30px; font-family: Roboto, sans-serif; background-color: rgb(252, 253, 254);\"><p><span style=\"font-weight: bolder;\">Chi phí đầu vào tăng</span></p><p>Hiện ở những kỳ hạn gửi tiết kiệm dưới 6 tháng, các&nbsp;ngân hàng&nbsp;tăng lãi suất.&nbsp;VietinBank, Agribank với biểu lãi suất huy động mới tăng tới 1,3 điểm %, mức tăng mạnh hơn nhiều ngân hàng tư nhân.</p><p>Cụ thể VietinBank vừa cập nhật biểu lãi suất huy động. Trong đó, lãi suất kỳ hạn 1 tháng – dưới 3 tháng của nhà băng này đã tăng thêm 1% lên 4,1%/năm, lãi suất từ 3 tháng – dưới 6 tháng tăng lên 4,4%/năm. Với kỳ từ 12 tháng trở lên, ngân hàng này áp dụng mức lãi suất mới 6,4%/năm (cao hơn 0,8%/năm so với trước).</p><figure class=\"insert-center-image\" style=\"margin-top: unset; margin-right: unset; margin-bottom: 20px; margin-left: unset; position: relative;\"><img src=\"https://media-cdn-v2.laodong.vn/Storage/NewsPortal/2022/9/29/1098939/2022-09-27_165429.png\" alt=\"VietinBank lưu ý, lãi suất tiền gửi tại các chi nhánh có thể thấp hơn trần lãi suất huy động của ngân hàng này đăng trên website. Ảnh chụp màn hình website VietinBank.\" style=\"position: relative; display: block; color: transparent; overflow: hidden; width: 100%; margin-bottom: 0px; cursor: zoom-in;\"><figcaption class=\"image-caption\" style=\"font-size: 0.85em; line-height: 1.65em; font-style: italic; color: rgba(0, 0, 0, 0.7); padding-top: 5px; margin-bottom: 20px;\">VietinBank lưu ý, lãi suất tiền gửi tại các chi nhánh có thể thấp hơn trần lãi suất huy động của ngân hàng này đăng trên website. Ảnh chụp màn hình website VietinBank.</figcaption></figure><p>Agribank cũng có bước điều chỉnh tương tự, lãi suất kỳ hạn dưới 6 tháng. Trong đó lãi suất 1 tháng đến 2 tháng là 4,1%/năm; 3 tháng đến 5 tháng là 4,4%/năm, lãi suất kỳ hạn từ 6 tháng đến 11 tháng là 4,8%/năm; 12 tháng trở lên là 6,4%/năm.</p><p>Đáng chú ý, Agribank tăng lãi suất tiền gửi không kỳ hạn lên 0,3%/năm trong khi đa số các ngân hàng khác niêm yết 0,1%/năm.</p><p>VPBank vừa tăng lãi suất tiết kiệm các kỳ hạn từ 0,5% đến 0,8%/năm. Đối với các kỳ hạn dưới 6 tháng, lãi suất dao động từ 4,5 - 4,8%/năm. Tuy nhiên, từ kỳ hạn 6 tháng trở lên, lãi suất tăng vọt lên 5,8 - 6,6%/năm, 12 tháng là 6,2 - 7%/năm và mức cao nhất 7,5%/năm ở kỳ hạn 36 tháng.</p><p>Trong khi đó, tại Ngân hàng Bản Việt, lãi suất kỳ hạn 6 tháng từ 6,8 - 7%/năm, 12 tháng từ 7 - 7,3%/năm, mức lãi suất cao nhất là 7,5%/năm kỳ hạn 24 tháng.</p><p>SCB là ngân hàng có mặt bằng lãi suất huy động cao cũng đã tăng lãi suất kỳ hạn 6 tháng lên 6,85%/năm, 9 tháng 7%/năm, 12 tháng 7,3%/năm và mức cao nhất là 7,55%/năm ở kỳ hạn 24 tháng. OCB cạnh tranh khi tăng lên 6 - 7%/năm kỳ hạn 6 tháng, 12 tháng lên 6,7 - 7,3%/năm…</p><p>So với đầu năm 2022, lãi suất tiết kiệm đã tăng trên dưới 1%. Trong đó, với kỳ hạn dài ngày, các ngân hàng đang phải tăng mạnh lãi suất để tranh thủ huy động được tiền gửi dài ngày cơ cấu lại nguồn vốn, đáp ứng quy định của Thông tư 08/2020/TT-NHNN về việc giảm tỷ lệ vốn ngắn hạn cho vay trung, dài hạn từ 37% hiện nay xuống còn 34% kể từ đầu tháng 10.2022.</p><p><span style=\"font-weight: bolder;\">Cập nhật lãi suất cho vay hiện nay tại các ngân hàng</span></p><p>Theo khảo sát của PV tại một số ngân hàng,&nbsp;<a href=\"https://laodong.vn/tien-te-dau-tu/3-ngan-hang-co-lai-suat-gui-tien-tiet-kiem-ky-han-11-thang-cao-nhat-1093122.ldo\" title=\"lãi suất cho vay\" target=\"_self\" style=\"color: rgb(59, 89, 152);\">lãi suất cho vay</a>&nbsp;ngân hàng rất đa dạng, tùy theo quy định kỳ hạn vay tiền, vay tiền mua nhà, vay tiền mua ôtô, vay tiền đi du học… Dưới đây là mức lãi suất vay cao nhất đang được ngân hàng niêm yết.</p><figure class=\"insert-center-image\" style=\"margin-top: unset; margin-right: unset; margin-bottom: 20px; margin-left: unset; position: relative;\"><img src=\"https://media-cdn-v2.laodong.vn/Storage/NewsPortal/2022/9/29/1098939/Screenshot-2022-09-2.jpg\" alt=\"Lãi suất cho vay ngân hàng mới nhất hiện nay.\" style=\"position: relative; display: block; color: transparent; overflow: hidden; width: 100%; margin-bottom: 0px; cursor: zoom-in;\"><figcaption class=\"image-caption\" style=\"font-size: 0.85em; line-height: 1.65em; font-style: italic; color: rgba(0, 0, 0, 0.7); padding-top: 5px; margin-bottom: 20px; text-align: center;\">Lãi suất cho vay ngân hàng mới nhất hiện nay.<span style=\"text-align: justify;\"></span></figcaption></figure><p>Lãi suất cho vay Ngân hàng thương mại cổ phần (TMCP) Quốc tế Việt Nam đang niêm yết lãi suất cho vay lên tới 8,8%, đối với trường hợp vay mua ôtô cũ, vay tiêu dùng có tài sản đảm bảo, vay thấu chi tiêu dùng có tài sản đảm bảo…</p><figure class=\"insert-center-image\" style=\"margin-top: unset; margin-right: unset; margin-bottom: 20px; margin-left: unset; position: relative;\"><img src=\"https://media-cdn-v2.laodong.vn/Storage/NewsPortal/2022/9/29/1098939/Screenshot-2022-09-2-01.jpg\" alt=\"Biểu lãi vay ngân hàng VIB hiện nay.\" style=\"position: relative; display: block; color: transparent; overflow: hidden; width: 100%; margin-bottom: 0px; cursor: zoom-in;\"><figcaption class=\"image-caption\" style=\"font-size: 0.85em; line-height: 1.65em; font-style: italic; color: rgba(0, 0, 0, 0.7); padding-top: 5px; margin-bottom: 20px; text-align: center;\">Biểu lãi vay Ngân hàng VIB hiện nay.<span style=\"text-align: justify;\"></span></figcaption></figure><figure class=\"insert-center-image\" style=\"margin-top: unset; margin-right: unset; margin-bottom: 20px; margin-left: unset; position: relative;\"><img src=\"https://media-cdn-v2.laodong.vn/Storage/NewsPortal/2022/9/29/1098939/Screenshot-2022-09-2-02.jpg\" alt=\"&nbsp;\" style=\"position: relative; display: block; color: transparent; overflow: hidden; width: 100%; margin-bottom: 0px; cursor: zoom-in;\"><figcaption class=\"image-caption\" style=\"font-size: 0.85em; line-height: 1.65em; font-style: italic; color: rgba(0, 0, 0, 0.7); padding-top: 5px; margin-bottom: 20px;\">Lãi vay Ngân hàng TMCP Kỹ thương Việt Nam (Techcombank) niêm yết mức cao nhất là 7%.&nbsp;</figcaption></figure><p>Lãi suất cho vay&nbsp;<a href=\"https://laodong.vn/tien-te-dau-tu/xuat-hien-ngan-hang-co-lai-suat-rat-cao-voi-ky-han-24-thang-1090287.ldo\" title=\"ngân hàng\" target=\"_self\" style=\"color: rgb(59, 89, 152);\">ngân hàng</a>&nbsp;Quốc Dân (NCB) cao nhất là 9,6%. Còn Ngân hàng TMCP Sài Gòn (SCB) niêm yết lãi suất cho vay cao nhất là 9,5%.&nbsp;</p><figure class=\"insert-center-image\" style=\"margin-top: unset; margin-right: unset; margin-bottom: 20px; margin-left: unset; position: relative;\"><img src=\"https://media-cdn-v2.laodong.vn/Storage/NewsPortal/2022/9/29/1098939/Screenshot-2022-09-2-03.jpg\" alt=\"&nbsp;\" style=\"position: relative; display: block; color: transparent; overflow: hidden; width: 100%; margin-bottom: 0px; cursor: zoom-in;\"><figcaption class=\"image-caption\" style=\"font-size: 0.85em; line-height: 1.65em; font-style: italic; color: rgba(0, 0, 0, 0.7); padding-top: 5px; margin-bottom: 20px;\">Tại Ngân hàng Nam Á (Nam Á Bank), lãi suất cho vay cao nhất là 8,6%, đối với kỳ hạn vay trung hạn và dài hạn.</figcaption></figure><figure class=\"insert-center-image\" style=\"margin-top: unset; margin-right: unset; margin-bottom: 20px; margin-left: unset; position: relative;\"><img src=\"https://media-cdn-v2.laodong.vn/Storage/NewsPortal/2022/9/29/1098939/Screenshot-2022-09-2-04.jpg\" alt=\"&nbsp;\" style=\"position: relative; display: block; color: transparent; overflow: hidden; width: 100%; margin-bottom: 0px; cursor: zoom-in;\"><figcaption class=\"image-caption\" style=\"font-size: 0.85em; line-height: 1.65em; font-style: italic; color: rgba(0, 0, 0, 0.7); padding-top: 5px; margin-bottom: 20px;\">Còn tại Ngân hàng SHB, lãi suất cho vay sẽ dao động từ 7,85% - 9,1%. Trong đó, các kỳ hạn vay càng dài, lãi suất vay càng cao.&nbsp;</figcaption></figure><figure class=\"insert-center-image\" style=\"margin-top: unset; margin-right: unset; margin-bottom: 20px; margin-left: unset; position: relative;\"><img src=\"https://media-cdn-v2.laodong.vn/Storage/NewsPortal/2022/9/29/1098939/Screenshot-2022-09-2-06.jpg\" alt=\"Ngân hàng Tiên phong (TPBank) thì quy định lãi vay dao động từ 7,1% - 8,6%.\" style=\"position: relative; display: block; color: transparent; overflow: hidden; width: 100%; margin-bottom: 0px; cursor: zoom-in;\"><figcaption class=\"image-caption\" style=\"font-size: 0.85em; line-height: 1.65em; font-style: italic; color: rgba(0, 0, 0, 0.7); padding-top: 5px; margin-bottom: 20px;\">Ngân hàng Tiên phong (TPBank) thì quy định lãi vay dao động từ 7,1% - 8,6%.</figcaption></figure><figure class=\"insert-center-image\" style=\"margin-top: unset; margin-right: unset; margin-bottom: 20px; margin-left: unset; position: relative;\"><img src=\"https://media-cdn-v2.laodong.vn/Storage/NewsPortal/2022/9/29/1098939/Screenshot-2022-09-2-07.jpg\" alt=\"Đáng chú ý hơn cả là ngân hàng TMCP Á Châu (ACB Bank) niêm yết lãi suất cho vay cao nhất lên tới 15%, đối với khoản vay lãi ngày, kỳ hạn trung và dài hạn.\" style=\"position: relative; display: block; color: transparent; overflow: hidden; width: 100%; margin-bottom: 0px; cursor: zoom-in;\"><figcaption class=\"image-caption\" style=\"font-size: 0.85em; line-height: 1.65em; font-style: italic; color: rgba(0, 0, 0, 0.7); padding-top: 5px; margin-bottom: 20px;\">Đáng chú ý hơn cả là ngân hàng TMCP Á Châu (ACB Bank) niêm yết lãi suất cho vay cao nhất lên tới 15%, đối với khoản vay lãi ngày, kỳ hạn trung và dài hạn</figcaption></figure></div>', 0, 5, '2022-09-29 13:51:54', '2022-09-29 14:05:58');

-- --------------------------------------------------------

--
-- Cấu trúc bảng cho bảng `comment`
--

CREATE TABLE `comment` (
  `id` bigint UNSIGNED NOT NULL,
  `noi_dung` longtext CHARACTER SET utf8mb4 COLLATE utf8mb4_unicode_ci NOT NULL,
  `reply_id` tinyint NOT NULL DEFAULT '0',
  `user_id` bigint UNSIGNED NOT NULL,
  `baiviet_id` bigint UNSIGNED NOT NULL,
  `trang_thai` tinyint NOT NULL DEFAULT '0',
  `created_at` timestamp NULL DEFAULT NULL,
  `updated_at` timestamp NULL DEFAULT NULL
) ENGINE=InnoDB DEFAULT CHARSET=utf8mb4 COLLATE=utf8mb4_unicode_ci;

--
-- Đang đổ dữ liệu cho bảng `comment`
--

INSERT INTO `comment` (`id`, `noi_dung`, `reply_id`, `user_id`, `baiviet_id`, `trang_thai`, `created_at`, `updated_at`) VALUES
(1, 'sadasds', 0, 1, 5, 0, '2022-09-29 06:52:07', '2022-09-29 06:52:07'),
(2, 'sadasds', 0, 1, 5, 0, '2022-09-29 07:00:50', '2022-09-29 07:00:50'),
(3, 'demo nhập nội dung ajax demo nhập nội dung ajaxdemo nhập nội dung ajax', 0, 1, 5, 0, '2022-09-29 08:11:47', '2022-09-29 08:11:47'),
(4, 'demo nhập nội dung ajax demo nhập nội dung ajaxdemo nhập nội dung ajax', 0, 1, 5, 0, '2022-09-29 08:11:48', '2022-09-29 08:11:48'),
(5, 'ádkanmdaknmdkas', 0, 1, 6, 0, '2022-09-29 10:57:06', '2022-09-29 10:57:06'),
(6, 'oksodkass', 0, 1, 6, 0, '2022-09-29 11:16:01', '2022-09-29 11:16:01'),
(7, 'Ukraine và các nước phương Tây tuyên bố không công nhận kết quả trưng cầu.\nGiới quan sát cho rằng, \"kịch bản Crimea\" đang lặp lại. Năm 2014, phương Tây cũng phản đối cuộc trưng cầu dân ý sáp nhập bán đảo Crimea vào Nga. Kể từ đó, Mỹ và các nước châu Âu liên tục áp biện pháp trừng phạt Nga.', 0, 1, 6, 0, '2022-09-29 11:22:30', '2022-09-29 11:22:30'),
(8, 'sldma', 0, 1, 6, 0, '2022-09-29 11:27:24', '2022-09-29 11:27:24'),
(9, 'sdasdas', 0, 1, 6, 0, '2022-09-29 11:28:37', '2022-09-29 11:28:37'),
(10, 'dfsdgfdgdf', 0, 1, 6, 0, '2022-09-29 11:36:12', '2022-09-29 11:36:12'),
(11, 'dem bình luận', 0, 1, 6, 0, '2022-09-29 11:41:32', '2022-09-29 11:41:32'),
(12, 'dem bình luận', 0, 1, 6, 0, '2022-09-29 11:41:33', '2022-09-29 11:41:33'),
(13, 'demo bình luận', 0, 1, 6, 0, '2022-09-29 11:41:40', '2022-09-29 11:41:40'),
(14, 'demo bình luận', 0, 1, 6, 0, '2022-09-29 11:41:41', '2022-09-29 11:41:41'),
(15, 'demo bình luận', 0, 1, 6, 0, '2022-09-29 11:41:41', '2022-09-29 11:41:41'),
(16, 'demo bình luận', 0, 1, 6, 0, '2022-09-29 11:46:15', '2022-09-29 11:46:15'),
(17, 'đây là bình luận thường', 0, 1, 6, 0, '2022-09-29 12:24:31', '2022-09-29 12:24:31'),
(18, 'đây là demo bình luận thường lần 2', 0, 1, 6, 0, '2022-09-29 12:25:12', '2022-09-29 12:25:12'),
(19, 'sda', 0, 1, 5, 0, '2022-09-29 12:46:29', '2022-09-29 12:46:29'),
(20, 'báo hay', 0, 1, 19, 0, '2022-09-29 14:14:26', '2022-09-29 14:14:26'),
(21, 'demo bình luận lần nữa', 0, 2, 19, 0, '2022-09-29 14:16:10', '2022-09-29 14:16:10'),
(22, 'demo bình luận lần nữa', 0, 1, 20, 0, '2022-09-29 14:30:03', '2022-09-29 14:30:03'),
(23, 'bình luận thử', 0, 3, 14, 0, '2022-09-29 17:38:25', '2022-09-29 17:38:25'),
(24, 'Hay đấy', 0, 1, 14, 0, '2022-09-29 17:38:45', '2022-09-29 17:38:45'),
(25, 'bình luận demo 1', 0, 3, 20, 0, '2022-09-29 21:38:49', '2022-09-29 21:38:49'),
(26, 'demobinh luan', 0, 7, 5, 0, '2022-09-29 21:49:01', '2022-09-29 21:49:01');

-- --------------------------------------------------------

--
-- Cấu trúc bảng cho bảng `danhmuc`
--

CREATE TABLE `danhmuc` (
  `id` bigint UNSIGNED NOT NULL,
  `ten_danh_muc` varchar(255) COLLATE utf8mb4_unicode_ci NOT NULL,
  `trang_thai` tinyint NOT NULL,
  `created_at` timestamp NULL DEFAULT NULL,
  `updated_at` timestamp NULL DEFAULT NULL
) ENGINE=InnoDB DEFAULT CHARSET=utf8mb4 COLLATE=utf8mb4_unicode_ci;

--
-- Đang đổ dữ liệu cho bảng `danhmuc`
--

INSERT INTO `danhmuc` (`id`, `ten_danh_muc`, `trang_thai`, `created_at`, `updated_at`) VALUES
(1, 'Xe cộ', 0, '2022-09-22 02:52:08', '2022-09-29 13:12:06'),
(2, 'Quân sự', 0, '2022-09-26 00:59:46', '2022-09-26 00:59:46'),
(3, 'Thể thao', 0, '2022-09-27 06:04:12', '2022-09-27 06:04:12'),
(4, 'Sức khỏe', 0, '2022-09-27 06:04:35', '2022-09-27 06:04:35'),
(5, 'Kinh tế', 0, '2022-09-27 06:05:06', '2022-09-29 13:18:10'),
(6, 'Xã hội', 0, '2022-09-29 13:14:34', '2022-09-29 13:14:34'),
(7, 'Giáo dục', 0, '2022-09-29 13:28:18', '2022-09-29 13:28:18'),
(8, 'Giải trí', 0, '2022-09-29 13:45:25', '2022-09-29 13:45:25'),
(9, 'Demo1', 0, '2022-09-29 21:41:28', '2022-09-29 21:42:09');

-- --------------------------------------------------------

--
-- Cấu trúc bảng cho bảng `migrations`
--

CREATE TABLE `migrations` (
  `id` int UNSIGNED NOT NULL,
  `migration` varchar(255) COLLATE utf8mb4_unicode_ci NOT NULL,
  `batch` int NOT NULL
) ENGINE=InnoDB DEFAULT CHARSET=utf8mb4 COLLATE=utf8mb4_unicode_ci;

--
-- Đang đổ dữ liệu cho bảng `migrations`
--

INSERT INTO `migrations` (`id`, `migration`, `batch`) VALUES
(1, '2014_10_12_000000_create_users_table', 1),
(2, '2014_10_12_100000_create_password_resets_table', 1),
(3, '2019_08_19_000000_create_failed_jobs_table', 1),
(4, '2019_12_14_000001_create_personal_access_tokens_table', 1),
(5, '2022_09_18_091547_danhmuc', 1),
(6, '2022_09_22_093626_baiviet', 1),
(7, '2022_09_27_142816_create_permission_tables', 2),
(8, '2022_09_28_151802_comments', 3),
(9, '2022_09_28_151802_comment', 4);

-- --------------------------------------------------------

--
-- Cấu trúc bảng cho bảng `model_has_permissions`
--

CREATE TABLE `model_has_permissions` (
  `permission_id` bigint UNSIGNED NOT NULL,
  `model_type` varchar(255) COLLATE utf8mb4_unicode_ci NOT NULL,
  `model_id` bigint UNSIGNED NOT NULL
) ENGINE=InnoDB DEFAULT CHARSET=utf8mb4 COLLATE=utf8mb4_unicode_ci;

-- --------------------------------------------------------

--
-- Cấu trúc bảng cho bảng `model_has_roles`
--

CREATE TABLE `model_has_roles` (
  `role_id` bigint UNSIGNED NOT NULL,
  `model_type` varchar(255) COLLATE utf8mb4_unicode_ci NOT NULL,
  `model_id` bigint UNSIGNED NOT NULL
) ENGINE=InnoDB DEFAULT CHARSET=utf8mb4 COLLATE=utf8mb4_unicode_ci;

--
-- Đang đổ dữ liệu cho bảng `model_has_roles`
--

INSERT INTO `model_has_roles` (`role_id`, `model_type`, `model_id`) VALUES
(3, 'App\\Models\\User', 1),
(2, 'App\\Models\\User', 2),
(1, 'App\\Models\\User', 3),
(1, 'App\\Models\\User', 4),
(1, 'App\\Models\\User', 5),
(1, 'App\\Models\\User', 6),
(1, 'App\\Models\\User', 7);

-- --------------------------------------------------------

--
-- Cấu trúc bảng cho bảng `password_resets`
--

CREATE TABLE `password_resets` (
  `email` varchar(255) COLLATE utf8mb4_unicode_ci NOT NULL,
  `token` varchar(255) COLLATE utf8mb4_unicode_ci NOT NULL,
  `created_at` timestamp NULL DEFAULT NULL
) ENGINE=InnoDB DEFAULT CHARSET=utf8mb4 COLLATE=utf8mb4_unicode_ci;

-- --------------------------------------------------------

--
-- Cấu trúc bảng cho bảng `permissions`
--

CREATE TABLE `permissions` (
  `id` bigint UNSIGNED NOT NULL,
  `name` varchar(255) COLLATE utf8mb4_unicode_ci NOT NULL,
  `guard_name` varchar(255) COLLATE utf8mb4_unicode_ci NOT NULL,
  `created_at` timestamp NULL DEFAULT NULL,
  `updated_at` timestamp NULL DEFAULT NULL
) ENGINE=InnoDB DEFAULT CHARSET=utf8mb4 COLLATE=utf8mb4_unicode_ci;

--
-- Đang đổ dữ liệu cho bảng `permissions`
--

INSERT INTO `permissions` (`id`, `name`, `guard_name`, `created_at`, `updated_at`) VALUES
(1, 'xemds danhmuc', 'web', '2022-09-27 11:25:49', '2022-09-27 11:25:49'),
(2, 'them danhmuc', 'web', '2022-09-27 11:29:38', '2022-09-27 11:29:38'),
(3, 'chinhsua danhmuc', 'web', '2022-09-27 11:29:38', '2022-09-27 11:29:38'),
(4, 'xemds baiviet', 'web', '2022-09-27 11:29:38', '2022-09-27 11:29:38'),
(5, 'them baiviet', 'web', '2022-09-27 12:16:46', '2022-09-27 12:16:46'),
(6, 'chinhsua baiviet', 'web', '2022-09-27 12:16:46', '2022-09-27 12:16:46'),
(7, 'quantri user', 'web', '2022-09-29 17:29:12', '2022-09-29 17:29:12');

-- --------------------------------------------------------

--
-- Cấu trúc bảng cho bảng `roles`
--

CREATE TABLE `roles` (
  `id` bigint UNSIGNED NOT NULL,
  `name` varchar(255) COLLATE utf8mb4_unicode_ci NOT NULL,
  `guard_name` varchar(255) COLLATE utf8mb4_unicode_ci NOT NULL,
  `created_at` timestamp NULL DEFAULT NULL,
  `updated_at` timestamp NULL DEFAULT NULL
) ENGINE=InnoDB DEFAULT CHARSET=utf8mb4 COLLATE=utf8mb4_unicode_ci;

--
-- Đang đổ dữ liệu cho bảng `roles`
--

INSERT INTO `roles` (`id`, `name`, `guard_name`, `created_at`, `updated_at`) VALUES
(1, 'khach', 'web', '2022-09-29 17:09:56', '2022-09-29 17:09:56'),
(2, 'writer', 'web', '2022-09-29 17:10:20', '2022-09-29 17:10:20'),
(3, 'admin', 'web', '2022-09-29 17:10:29', '2022-09-29 17:10:29');

-- --------------------------------------------------------

--
-- Cấu trúc bảng cho bảng `role_has_permissions`
--

CREATE TABLE `role_has_permissions` (
  `permission_id` bigint UNSIGNED NOT NULL,
  `role_id` bigint UNSIGNED NOT NULL
) ENGINE=InnoDB DEFAULT CHARSET=utf8mb4 COLLATE=utf8mb4_unicode_ci;

--
-- Đang đổ dữ liệu cho bảng `role_has_permissions`
--

INSERT INTO `role_has_permissions` (`permission_id`, `role_id`) VALUES
(1, 2),
(4, 2),
(5, 2),
(1, 3),
(2, 3),
(3, 3),
(4, 3),
(5, 3),
(6, 3),
(7, 3);

-- --------------------------------------------------------

--
-- Cấu trúc bảng cho bảng `users`
--

CREATE TABLE `users` (
  `id` bigint UNSIGNED NOT NULL,
  `name` varchar(255) COLLATE utf8mb4_unicode_ci NOT NULL,
  `email` varchar(255) COLLATE utf8mb4_unicode_ci NOT NULL,
  `email_verified_at` timestamp NULL DEFAULT NULL,
  `password` varchar(255) COLLATE utf8mb4_unicode_ci NOT NULL,
  `remember_token` varchar(100) COLLATE utf8mb4_unicode_ci DEFAULT NULL,
  `created_at` timestamp NULL DEFAULT NULL,
  `updated_at` timestamp NULL DEFAULT NULL
) ENGINE=InnoDB DEFAULT CHARSET=utf8mb4 COLLATE=utf8mb4_unicode_ci;

--
-- Đang đổ dữ liệu cho bảng `users`
--

--
-- Mật khẩu tất cả các tài khoản là: okchu@123
--
INSERT INTO `users` (`id`, `name`, `email`, `email_verified_at`, `password`, `remember_token`, `created_at`, `updated_at`) VALUES
(1, 'Long Nguyễn Hải', 'admin@gmail.com', NULL, '$2y$10$5Ti0a0nVafZ14NNPq2Hf4eX08mCo75l46ApUqhNyfM49WOp6zvdLa', NULL, '2022-09-22 02:51:52', '2022-09-22 02:51:52'),
(2, 'Nguyễn Văn A', 'writer@gmail.com', NULL, '$2y$10$xvrI7V6.uRD82jYTfJEJRe3ot7sHTx06AZIN1LlZllGldCWYhOc4S', NULL, '2022-09-27 11:37:17', '2022-09-27 11:37:17'),
(3, 'Người dùng', 'nguoidung@gmail.com', NULL, '$2y$10$IEqzQD9Xg39H/TsyyndA.OTpwwJq5OpCpVWdQdS73PT0XyiesloxG', NULL, '2022-09-27 23:44:26', '2022-09-27 23:44:26'),
(4, 'Huy Huy Huy', 'huy@gmail.com', NULL, '$2y$10$ANAH.BgX7E73P0UWT7lRrOecd6rJcCyhkbFJU7xHIa639InMcVt7.', NULL, '2022-09-29 16:44:32', '2022-09-29 16:44:32'),
(5, 'Demo tk', 'nguoidung2@gmail.com', NULL, '$2y$10$r92i3E7GUmc5aSM0kqdrL.jXSE48N5WyFzOCtAZz3e2uD1EGPn9Oq', NULL, '2022-09-29 17:15:38', '2022-09-29 17:15:38'),
(6, 'demo2', 'nguoidung3@gmail.com', NULL, '$2y$10$ocV6uxiM6OTjm3nTowjMNeoaK8311suPyXstAky/sGKJtUYLxI1pq', NULL, '2022-09-29 19:01:43', '2022-09-29 19:01:43'),
(7, 'Tài khoản demo', 'demotk@gmail.com', NULL, '$2y$10$65rU.75K3yFt9hUc8Dg3n.zbDl2LUzFyjbyFV0gv93JoOPFkn9Tam', NULL, '2022-09-29 21:48:25', '2022-09-29 21:48:25');

--
-- Chỉ mục cho các bảng đã đổ
--

--
-- Chỉ mục cho bảng `baiviet`
--
ALTER TABLE `baiviet`
  ADD PRIMARY KEY (`id`),
  ADD KEY `baiviet_danhmuc_id_foreign` (`danhmuc_id`);

--
-- Chỉ mục cho bảng `comment`
--
ALTER TABLE `comment`
  ADD PRIMARY KEY (`id`),
  ADD KEY `comment_user_id_foreign` (`user_id`),
  ADD KEY `comment_baiviet_id_foreign` (`baiviet_id`);

--
-- Chỉ mục cho bảng `danhmuc`
--
ALTER TABLE `danhmuc`
  ADD PRIMARY KEY (`id`);

--
-- Chỉ mục cho bảng `migrations`
--
ALTER TABLE `migrations`
  ADD PRIMARY KEY (`id`);

--
-- Chỉ mục cho bảng `model_has_permissions`
--
ALTER TABLE `model_has_permissions`
  ADD PRIMARY KEY (`permission_id`,`model_id`,`model_type`),
  ADD KEY `model_has_permissions_model_id_model_type_index` (`model_id`,`model_type`);

--
-- Chỉ mục cho bảng `model_has_roles`
--
ALTER TABLE `model_has_roles`
  ADD PRIMARY KEY (`role_id`,`model_id`,`model_type`),
  ADD KEY `model_has_roles_model_id_model_type_index` (`model_id`,`model_type`);

--
-- Chỉ mục cho bảng `password_resets`
--
ALTER TABLE `password_resets`
  ADD KEY `password_resets_email_index` (`email`);

--
-- Chỉ mục cho bảng `permissions`
--
ALTER TABLE `permissions`
  ADD PRIMARY KEY (`id`),
  ADD UNIQUE KEY `permissions_name_guard_name_unique` (`name`,`guard_name`);

--
-- Chỉ mục cho bảng `roles`
--
ALTER TABLE `roles`
  ADD PRIMARY KEY (`id`),
  ADD UNIQUE KEY `roles_name_guard_name_unique` (`name`,`guard_name`);

--
-- Chỉ mục cho bảng `role_has_permissions`
--
ALTER TABLE `role_has_permissions`
  ADD PRIMARY KEY (`permission_id`,`role_id`),
  ADD KEY `role_has_permissions_role_id_foreign` (`role_id`);

--
-- Chỉ mục cho bảng `users`
--
ALTER TABLE `users`
  ADD PRIMARY KEY (`id`),
  ADD UNIQUE KEY `users_email_unique` (`email`);

--
-- AUTO_INCREMENT cho các bảng đã đổ
--

--
-- AUTO_INCREMENT cho bảng `baiviet`
--
ALTER TABLE `baiviet`
  MODIFY `id` bigint UNSIGNED NOT NULL AUTO_INCREMENT, AUTO_INCREMENT=22;

--
-- AUTO_INCREMENT cho bảng `comment`
--
ALTER TABLE `comment`
  MODIFY `id` bigint UNSIGNED NOT NULL AUTO_INCREMENT, AUTO_INCREMENT=27;

--
-- AUTO_INCREMENT cho bảng `danhmuc`
--
ALTER TABLE `danhmuc`
  MODIFY `id` bigint UNSIGNED NOT NULL AUTO_INCREMENT, AUTO_INCREMENT=10;

--
-- AUTO_INCREMENT cho bảng `migrations`
--
ALTER TABLE `migrations`
  MODIFY `id` int UNSIGNED NOT NULL AUTO_INCREMENT, AUTO_INCREMENT=10;

--
-- AUTO_INCREMENT cho bảng `permissions`
--
ALTER TABLE `permissions`
  MODIFY `id` bigint UNSIGNED NOT NULL AUTO_INCREMENT, AUTO_INCREMENT=8;

--
-- AUTO_INCREMENT cho bảng `roles`
--
ALTER TABLE `roles`
  MODIFY `id` bigint UNSIGNED NOT NULL AUTO_INCREMENT, AUTO_INCREMENT=4;

--
-- AUTO_INCREMENT cho bảng `users`
--
ALTER TABLE `users`
  MODIFY `id` bigint UNSIGNED NOT NULL AUTO_INCREMENT, AUTO_INCREMENT=8;

--
-- Các ràng buộc cho các bảng đã đổ
--

--
-- Các ràng buộc cho bảng `baiviet`
--
ALTER TABLE `baiviet`
  ADD CONSTRAINT `baiviet_danhmuc_id_foreign` FOREIGN KEY (`danhmuc_id`) REFERENCES `danhmuc` (`id`);

--
-- Các ràng buộc cho bảng `comment`
--
ALTER TABLE `comment`
  ADD CONSTRAINT `comment_baiviet_id_foreign` FOREIGN KEY (`baiviet_id`) REFERENCES `baiviet` (`id`),
  ADD CONSTRAINT `comment_user_id_foreign` FOREIGN KEY (`user_id`) REFERENCES `users` (`id`);

--
-- Các ràng buộc cho bảng `model_has_permissions`
--
ALTER TABLE `model_has_permissions`
  ADD CONSTRAINT `model_has_permissions_permission_id_foreign` FOREIGN KEY (`permission_id`) REFERENCES `permissions` (`id`) ON DELETE CASCADE;

--
-- Các ràng buộc cho bảng `model_has_roles`
--
ALTER TABLE `model_has_roles`
  ADD CONSTRAINT `model_has_roles_role_id_foreign` FOREIGN KEY (`role_id`) REFERENCES `roles` (`id`) ON DELETE CASCADE;

--
-- Các ràng buộc cho bảng `role_has_permissions`
--
ALTER TABLE `role_has_permissions`
  ADD CONSTRAINT `role_has_permissions_permission_id_foreign` FOREIGN KEY (`permission_id`) REFERENCES `permissions` (`id`) ON DELETE CASCADE,
  ADD CONSTRAINT `role_has_permissions_role_id_foreign` FOREIGN KEY (`role_id`) REFERENCES `roles` (`id`) ON DELETE CASCADE;
COMMIT;

/*!40101 SET CHARACTER_SET_CLIENT=@OLD_CHARACTER_SET_CLIENT */;
/*!40101 SET CHARACTER_SET_RESULTS=@OLD_CHARACTER_SET_RESULTS */;
/*!40101 SET COLLATION_CONNECTION=@OLD_COLLATION_CONNECTION */;
